"Location","Treatment","Replicate","Weight","Block","Cell"
"Kowhai_Rainfed","Control","1",2858,"Kowhai_Rainfed.1","Kowhai_Rainfed.Control"
"Kowhai_Rainfed","Trichoderma","1",3278,"Kowhai_Rainfed.1","Kowhai_Rainfed.Trichoderma"
"Kowhai_Rainfed","Control","2",1643,"Kowhai_Rainfed.2","Kowhai_Rainfed.Control"
"Kowhai_Rainfed","Trichoderma","2",1873,"Kowhai_Rainfed.2","Kowhai_Rainfed.Trichoderma"
"Kowhai_Rainfed","Control","3",1162,"Kowhai_Rainfed.3","Kowhai_Rainfed.Control"
"Kowhai_Rainfed","Trichoderma","3",1381,"Kowhai_Rainfed.3","Kowhai_Rainfed.Trichoderma"
"Kowhai_Rainfed","Control","4",958,"Kowhai_Rainfed.4","Kowhai_Rainfed.Control"
"Kowhai_Rainfed","Trichoderma","4",1105,"Kowhai_Rainfed.4","Kowhai_Rainfed.Trichoderma"
"Kowhai_Rainfed","Control","5",883,"Kowhai_Rainfed.5","Kowhai_Rainfed.Control"
"Kowhai_Rainfed","Trichoderma","5",1131,"Kowhai_Rainfed.5","Kowhai_Rainfed.Trichoderma"
"Kowhai_Rainfed","Control","6",961,"Kowhai_Rainfed.6","Kowhai_Rainfed.Control"
"Kowhai_Rainfed","Trichoderma","6",1116,"Kowhai_Rainfed.6","Kowhai_Rainfed.Trichoderma"
"Kowhai_Rainfed","Control","7",2193,"Kowhai_Rainfed.7","Kowhai_Rainfed.Control"
"Kowhai_Rainfed","Trichoderma","7",2516,"Kowhai_Rainfed.7","Kowhai_Rainfed.Trichoderma"
"Kowhai_Rainfed","Control","8",3138,"Kowhai_Rainfed.8","Kowhai_Rainfed.Control"
"Kowhai_Rainfed","Trichoderma","8",3506,"Kowhai_Rainfed.8","Kowhai_Rainfed.Trichoderma"
"Kowhai_Irrigated","Control","1",3047,"Kowhai_Irrigated.1","Kowhai_Irrigated.Control"
"Kowhai_Irrigated","Trichoderma","1",3450,"Kowhai_Irrigated.1","Kowhai_Irrigated.Trichoderma"
"Kowhai_Irrigated","Control","2",1856,"Kowhai_Irrigated.2","Kowhai_Irrigated.Control"
"Kowhai_Irrigated","Trichoderma","2",2114,"Kowhai_Irrigated.2","Kowhai_Irrigated.Trichoderma"
"Kowhai_Irrigated","Control","3",994,"Kowhai_Irrigated.3","Kowhai_Irrigated.Control"
"Kowhai_Irrigated","Trichoderma","3",1172,"Kowhai_Irrigated.3","Kowhai_Irrigated.Trichoderma"
"Kowhai_Irrigated","Control","4",1246,"Kowhai_Irrigated.4","Kowhai_Irrigated.Control"
"Kowhai_Irrigated","Trichoderma","4",1437,"Kowhai_Irrigated.4","Kowhai_Irrigated.Trichoderma"
"Kowhai_Irrigated","Control","5",1036,"Kowhai_Irrigated.5","Kowhai_Irrigated.Control"
"Kowhai_Irrigated","Trichoderma","5",1224,"Kowhai_Irrigated.5","Kowhai_Irrigated.Trichoderma"
"Kowhai_Irrigated","Control","6",1284,"Kowhai_Irrigated.6","Kowhai_Irrigated.Control"
"Kowhai_Irrigated","Trichoderma","6",1495,"Kowhai_Irrigated.6","Kowhai_Irrigated.Trichoderma"
"Kowhai_Irrigated","Control","7",2182,"Kowhai_Irrigated.7","Kowhai_Irrigated.Control"
"Kowhai_Irrigated","Trichoderma","7",2518,"Kowhai_Irrigated.7","Kowhai_Irrigated.Trichoderma"
"Kowhai_Irrigated","Control","8",3263,"Kowhai_Irrigated.8","Kowhai_Irrigated.Control"
"Kowhai_Irrigated","Trichoderma","8",3786,"Kowhai_Irrigated.8","Kowhai_Irrigated.Trichoderma"
"Rolleston","Control","1",3065.56154,"Rolleston.1","Rolleston.Control"
"Rolleston","Trichoderma","1",3094.4072,"Rolleston.1","Rolleston.Trichoderma"
"Rolleston","Control","2",2629.01896,"Rolleston.2","Rolleston.Control"
"Rolleston","Trichoderma","2",2653.1392,"Rolleston.2","Rolleston.Trichoderma"
"Rolleston","Control","3",2728.1211,"Rolleston.3","Rolleston.Control"
"Rolleston","Trichoderma","3",2812.60858,"Rolleston.3","Rolleston.Trichoderma"
"Rolleston","Control","4",2495.86928,"Rolleston.4","Rolleston.Control"
"Rolleston","Trichoderma","4",2615.29992,"Rolleston.4","Rolleston.Trichoderma"
"Rolleston","Control","5",2413.36486,"Rolleston.5","Rolleston.Control"
"Rolleston","Trichoderma","5",2579.4062,"Rolleston.5","Rolleston.Trichoderma"
"Rolleston","Control","6",2708.38522,"Rolleston.6","Rolleston.Control"
"Rolleston","Trichoderma","6",3138.8176,"Rolleston.6","Rolleston.Trichoderma"
"Rolleston","Control","7",2682.79628,"Rolleston.7","Rolleston.Control"
"Rolleston","Trichoderma","7",3058.965,"Rolleston.7","Rolleston.Trichoderma"
"Rolleston","Control","8",2003.19906,"Rolleston.8","Rolleston.Control"
"Rolleston","Trichoderma","8",2640.59804,"Rolleston.8","Rolleston.Trichoderma"
"Eyrewell_Forest","Control","1",1878.097,"Eyrewell_Forest.1","Eyrewell_Forest.Control"
"Eyrewell_Forest","Trichoderma","1",2523.735,"Eyrewell_Forest.1","Eyrewell_Forest.Trichoderma"
"Eyrewell_Forest","Control","2",1810.27,"Eyrewell_Forest.2","Eyrewell_Forest.Control"
"Eyrewell_Forest","Trichoderma","2",2822.029,"Eyrewell_Forest.2","Eyrewell_Forest.Trichoderma"
"Eyrewell_Forest","Control","3",2013.128,"Eyrewell_Forest.3","Eyrewell_Forest.Control"
"Eyrewell_Forest","Trichoderma","3",2415.228,"Eyrewell_Forest.3","Eyrewell_Forest.Trichoderma"
"Eyrewell_Forest","Control","4",2240.455,"Eyrewell_Forest.4","Eyrewell_Forest.Control"
"Eyrewell_Forest","Trichoderma","4",2569.752,"Eyrewell_Forest.4","Eyrewell_Forest.Trichoderma"
"Eyrewell_Forest","Control","5",1957.333,"Eyrewell_Forest.5","Eyrewell_Forest.Control"
"Eyrewell_Forest","Trichoderma","5",2277.66,"Eyrewell_Forest.5","Eyrewell_Forest.Trichoderma"
"Eyrewell_Forest","Control","6",2013.84,"Eyrewell_Forest.6","Eyrewell_Forest.Control"
"Eyrewell_Forest","Trichoderma","6",2213.4,"Eyrewell_Forest.6","Eyrewell_Forest.Trichoderma"
"Eyrewell_Forest","Control","7",1809.158,"Eyrewell_Forest.7","Eyrewell_Forest.Control"
"Eyrewell_Forest","Trichoderma","7",2069.239,"Eyrewell_Forest.7","Eyrewell_Forest.Trichoderma"
"Eyrewell_Forest","Control","8",2577.046,"Eyrewell_Forest.8","Eyrewell_Forest.Control"
"Eyrewell_Forest","Trichoderma","8",2295.673,"Eyrewell_Forest.8","Eyrewell_Forest.Trichoderma"
"West_Coast","Control","1",2839.2,"West_Coast.1","West_Coast.Control"
"West_Coast","Trichoderma","1",2923.648,"West_Coast.1","West_Coast.Trichoderma"
"West_Coast","Control","2",2212.608,"West_Coast.2","West_Coast.Control"
"West_Coast","Trichoderma","2",2613.292,"West_Coast.2","West_Coast.Trichoderma"
"West_Coast","Control","3",2554.638,"West_Coast.3","West_Coast.Control"
"West_Coast","Trichoderma","3",2904.107,"West_Coast.3","West_Coast.Trichoderma"
"West_Coast","Control","4",2632.962,"West_Coast.4","West_Coast.Control"
"West_Coast","Trichoderma","4",3439.676,"West_Coast.4","West_Coast.Trichoderma"
"West_Coast","Control","5",2813.12,"West_Coast.5","West_Coast.Control"
"West_Coast","Trichoderma","5",2805.139,"West_Coast.5","West_Coast.Trichoderma"
"West_Coast","Control","6",2509.977,"West_Coast.6","West_Coast.Control"
"West_Coast","Trichoderma","6",2636.897,"West_Coast.6","West_Coast.Trichoderma"
"West_Coast","Control","7",3072.55,"West_Coast.7","West_Coast.Control"
"West_Coast","Trichoderma","7",3099.477,"West_Coast.7","West_Coast.Trichoderma"
"West_Coast","Control","8",2835.36,"West_Coast.8","West_Coast.Control"
"West_Coast","Trichoderma","8",3512.133,"West_Coast.8","West_Coast.Trichoderma"
"LU_H8","Control","1",2114.463,"LU_H8.1","LU_H8.Control"
"LU_H8","Trichoderma","1",2223.641,"LU_H8.1","LU_H8.Trichoderma"
"LU_H8","Control","2",2005.109,"LU_H8.2","LU_H8.Control"
"LU_H8","Trichoderma","2",2155.814,"LU_H8.2","LU_H8.Trichoderma"
"LU_H8","Control","3",2012.95,"LU_H8.3","LU_H8.Control"
"LU_H8","Trichoderma","3",2235.957,"LU_H8.3","LU_H8.Trichoderma"
"LU_H8","Control","4",2088.486,"LU_H8.4","LU_H8.Control"
"LU_H8","Trichoderma","4",2102.609,"LU_H8.4","LU_H8.Trichoderma"
"LU_H8","Control","5",1553.344,"LU_H8.5","LU_H8.Control"
"LU_H8","Trichoderma","5",2116,"LU_H8.5","LU_H8.Trichoderma"
"LU_H8","Control","6",2070,"LU_H8.6","LU_H8.Control"
"LU_H8","Trichoderma","6",2089.5,"LU_H8.6","LU_H8.Trichoderma"
"LU_H8","Control","7",1755.5,"LU_H8.7","LU_H8.Control"
"LU_H8","Trichoderma","7",2387.318,"LU_H8.7","LU_H8.Trichoderma"
"LU_H8","Control","8",1900.732,"LU_H8.8","LU_H8.Control"
"LU_H8","Trichoderma","8",1932,"LU_H8.8","LU_H8.Trichoderma"
