"Location","Treatment","n","mean","sd","se","ci95_lower","ci95_upper","median"
"Eyrewell_Forest","Control",8,2037.415875,258.861230797748,91.5212658416918,1821.00247025427,2253.82927974573,1985.2305
"Eyrewell_Forest","Trichoderma",8,2398.3395,236.799493279501,83.7212637397368,2200.37016938702,2596.30883061298,2355.4505
"Kowhai_Irrigated","Control",8,1863.5,895.918044721247,316.754862404893,1114.49377054745,2612.50622945255,1570
"Kowhai_Irrigated","Trichoderma",8,2149.5,1018.02104945962,359.92479373177,1298.41310399233,3000.58689600767,1804.5
"Kowhai_Rainfed","Control",8,1724.5,902.688207522398,319.148476418109,969.833772802853,2479.16622719715,1402.5
"Kowhai_Rainfed","Trichoderma",8,1988.25,993.076281058006,351.105486285817,1158.01745226128,2818.48254773872,1627
"LU_H8","Control",8,1937.573,194.195880666183,68.6586120487757,1775.22118086876,2099.92481913124,2009.0295
"LU_H8","Trichoderma",8,2155.354875,132.838246343264,46.9654123951254,2044.29932186443,2266.41042813557,2135.907
"Rolleston","Control",8,2590.7895375,305.608486019019,108.048916426101,2335.29444936052,2846.28462563948,2655.90762
"Rolleston","Trichoderma",8,2824.1552175,237.179811329285,83.8557264757415,2625.86793304053,3022.44250195947,2732.87389
"West_Coast","Control",8,2683.801875,263.62134076655,93.2042188607586,2463.40891873109,2904.19483126891,2723.041
"West_Coast","Trichoderma",8,2991.796125,337.921210221063,119.473189627039,2709.28692339276,3274.30532660724,2913.8775
