"contrast","Treatment","estimate","SE","df","lower.CL","upper.CL","t.ratio","p.value"
"Eyrewell_Forest - Kowhai_Irrigated","Control",173.915875000011,294.103922258361,45.8635232214856,-700.614046440267,1048.44579644029,0.591341569553198,0.991127950115392
"Eyrewell_Forest - Kowhai_Rainfed","Control",312.915875000008,294.10392225836,45.8635232214863,-561.614046440285,1187.4457964403,1.06396362414073,0.892964870955645
"Eyrewell_Forest - LU_H8","Control",99.8428750000128,294.103922258361,45.8635232214856,-774.687046440265,974.372796440291,0.339481616679372,0.99936298947517
"Eyrewell_Forest - Rolleston","Control",-553.37366249999,294.10392225836,45.8635232214863,-1427.90358394028,321.156258940303,-1.8815582541394,0.426167023413129
"Eyrewell_Forest - West_Coast","Control",-646.385999999992,294.10392225836,45.8635232214863,-1520.91592144028,228.143921440301,-2.19781495954401,0.258603338649471
"Kowhai_Irrigated - Kowhai_Rainfed","Control",138.999999999997,294.103922258361,45.8635232214856,-735.529921440281,1013.52992144027,0.472622054587528,0.996879610288996
"Kowhai_Irrigated - LU_H8","Control",-74.0729999999981,294.103922258362,45.863523221485,-948.602921440295,800.456921440299,-0.251859952873825,0.999852226396516
"Kowhai_Irrigated - Rolleston","Control",-727.289537500001,294.103922258361,45.8635232214856,-1601.81945894028,147.240383940276,-2.4728998236926,0.153668801211176
"Kowhai_Irrigated - West_Coast","Control",-820.301875000002,294.103922258361,45.8635232214856,-1694.83179644028,54.2280464402755,-2.7891565290972,0.0774381259619915
"Kowhai_Rainfed - LU_H8","Control",-213.072999999995,294.103922258361,45.8635232214856,-1087.60292144027,661.456921440282,-0.724482007461354,0.977911165686501
"Kowhai_Rainfed - Rolleston","Control",-866.289537499999,294.10392225836,45.8635232214863,-1740.81945894029,8.24038394029458,-2.94552187828013,0.0535254614824605
"Kowhai_Rainfed - West_Coast","Control",-959.301875,294.10392225836,45.8635232214861,-1833.83179644027,-84.7719535597261,-3.26177858368474,0.0240300565232392
"LU_H8 - Rolleston","Control",-653.216537500003,294.103922258361,45.8635232214856,-1527.74645894028,221.313383940275,-2.22103987081877,0.24821772189301
"LU_H8 - West_Coast","Control",-746.228875000004,294.103922258361,45.8635232214856,-1620.75879644028,128.301046440273,-2.53729657622337,0.134612552651695
"Rolleston - West_Coast","Control",-93.0123375000012,294.10392225836,45.8635232214863,-967.542258940294,781.517583940292,-0.316256705404606,0.999548878362138
"Eyrewell_Forest - Kowhai_Irrigated","Trichoderma",248.839500000011,294.103922258361,45.8635232214856,-625.690421440267,1123.36942144029,0.84609378239238,0.957026431350966
"Eyrewell_Forest - Kowhai_Rainfed","Trichoderma",410.089500000008,294.10392225836,45.8635232214863,-464.440421440285,1284.6194214403,1.39436936730058,0.730102325037378
"Eyrewell_Forest - LU_H8","Trichoderma",242.984625000013,294.103922258361,45.8635232214856,-631.545296440265,1117.51454644029,0.826186278422219,0.961114791894196
"Eyrewell_Forest - Rolleston","Trichoderma",-425.81571749999,294.10392225836,45.8635232214863,-1300.34563894028,448.714203940303,-1.44784100201808,0.698102464004448
"Eyrewell_Forest - West_Coast","Trichoderma",-593.456624999992,294.10392225836,45.8635232214863,-1467.98654644028,281.073296440301,-2.01784668644664,0.34837469402998
"Kowhai_Irrigated - Kowhai_Rainfed","Trichoderma",161.249999999997,294.103922258361,45.8635232214856,-713.279921440281,1035.77992144027,0.548275584908195,0.993740746483714
"Kowhai_Irrigated - LU_H8","Trichoderma",-5.85487499999818,294.103922258362,45.863523221485,-880.384796440295,868.675046440299,-0.0199075039701607,0.999999999526101
"Kowhai_Irrigated - Rolleston","Trichoderma",-674.655217500001,294.103922258361,45.8635232214856,-1549.18513894028,199.874703940277,-2.29393478441045,0.217462538034918
"Kowhai_Irrigated - West_Coast","Trichoderma",-842.296125000003,294.103922258361,45.8635232214856,-1716.82604644028,32.2337964402755,-2.86394046883901,0.0650528877362032
"Kowhai_Rainfed - LU_H8","Trichoderma",-167.104874999995,294.103922258361,45.8635232214856,-1041.63479644027,707.425046440282,-0.568183088878356,0.992617355583501
"Kowhai_Rainfed - Rolleston","Trichoderma",-835.905217499998,294.10392225836,45.8635232214863,-1710.43513894029,38.6247039402947,-2.84221036931866,0.068463029547555
"Kowhai_Rainfed - West_Coast","Trichoderma",-1003.546125,294.10392225836,45.8635232214861,-1878.07604644027,-129.016203559726,-3.41221605374722,0.0160502070284327
"LU_H8 - Rolleston","Trichoderma",-668.800342500003,294.103922258361,45.8635232214856,-1543.33026394028,205.729578940275,-2.27402728044029,0.225584023110707
"LU_H8 - West_Coast","Trichoderma",-836.441250000004,294.103922258361,45.8635232214856,-1710.97117144028,38.0886714402734,-2.84403296486885,0.0681712276207086
"Rolleston - West_Coast","Trichoderma",-167.640907500001,294.10392225836,45.8635232214863,-1042.17082894029,706.889013940292,-0.570005684428563,0.99250744982482
