"Location","Treatment","emmean","SE","df","lower.CL","upper.CL","t.ratio","p.value"
"Eyrewell_Forest","Control",2037.41587499999,207.962877802448,45.8635232214861,1618.77469619283,2456.05705380715,9.79701712406295,8.03339106274677e-13
"Kowhai_Irrigated","Control",1863.49999999998,207.962877802448,45.8635232214854,1444.85882119281,2282.14117880714,8.96073385640578,1.21502806748543e-11
"Kowhai_Rainfed","Control",1724.49999999998,207.962877802448,45.8635232214861,1305.85882119282,2143.14117880714,8.2923453369315,1.12533419140558e-10
"LU_H8","Control",1937.57299999998,207.962877802448,45.8635232214854,1518.93182119281,2356.21417880714,9.3169176175786,3.78309853423961e-12
"Rolleston","Control",2590.78953749998,207.962877802448,45.8635232214863,2172.14835869282,3009.43071630714,12.4579423254619,2.53096111531209e-16
"West_Coast","Control",2683.80187499998,207.962877802448,45.8635232214863,2265.16069619282,3102.44305380714,12.9051968474366,7.1360638634012e-17
"Eyrewell_Forest","Trichoderma",2398.33949999999,207.962877802448,45.8635232214861,1979.69832119283,2816.98067880715,11.5325366014519,3.76888698133793e-15
"Kowhai_Irrigated","Trichoderma",2149.49999999998,207.962877802448,45.8635232214854,1730.85882119281,2568.14117880714,10.335979299353,1.45863274337648e-13
"Kowhai_Rainfed","Trichoderma",1988.24999999998,207.962877802448,45.8635232214861,1569.60882119282,2406.89117880714,9.5606005312578,1.71710310436743e-12
"LU_H8","Trichoderma",2155.35487499998,207.962877802448,45.8635232214854,1736.71369619281,2573.99605380714,10.3641327614606,1.33559375757244e-13
"Rolleston","Trichoderma",2824.15521749998,207.962877802448,45.8635232214863,2405.51403869282,3242.79639630714,13.5800929826657,1.1076686876553e-17
"West_Coast","Trichoderma",2991.79612499998,207.962877802448,45.8635232214863,2573.15494619282,3410.43730380714,14.3862027522143,1.28748079185974e-18
