"Location","Replicate","Control","Trichoderma","percent_change_paired"
"Kowhai_Rainfed","1",2858,3278,14.6955913226032
"Kowhai_Rainfed","2",1643,1873,13.9987827145466
"Kowhai_Rainfed","3",1162,1381,18.8468158347676
"Kowhai_Rainfed","4",958,1105,15.3444676409186
"Kowhai_Rainfed","5",883,1131,28.0860702151755
"Kowhai_Rainfed","6",961,1116,16.1290322580645
"Kowhai_Rainfed","7",2193,2516,14.7286821705426
"Kowhai_Rainfed","8",3138,3506,11.7272147864882
"Kowhai_Irrigated","1",3047,3450,13.226124056449
"Kowhai_Irrigated","2",1856,2114,13.9008620689655
"Kowhai_Irrigated","3",994,1172,17.907444668008
"Kowhai_Irrigated","4",1246,1437,15.3290529695024
"Kowhai_Irrigated","5",1036,1224,18.1467181467181
"Kowhai_Irrigated","6",1284,1495,16.4330218068536
"Kowhai_Irrigated","7",2182,2518,15.3987167736022
"Kowhai_Irrigated","8",3263,3786,16.0281949126571
"Rolleston","1",3065.56154,3094.4072,0.940958438563902
"Rolleston","2",2629.01896,2653.1392,0.917461622262328
"Rolleston","3",2728.1211,2812.60858,3.09691091058972
"Rolleston","4",2495.86928,2615.29992,4.78513201620882
"Rolleston","5",2413.36486,2579.4062,6.88007614397766
"Rolleston","6",2708.38522,3138.8176,15.8925834043652
"Rolleston","7",2682.79628,3058.965,14.0215163858808
"Rolleston","8",2003.19906,2640.59804,31.8190534694041
"Eyrewell_Forest","1",1878.097,2523.735,34.3772446258101
"Eyrewell_Forest","2",1810.27,2822.029,55.8899501179382
"Eyrewell_Forest","3",2013.128,2415.228,19.9738913770014
"Eyrewell_Forest","4",2240.455,2569.752,14.6977734433408
"Eyrewell_Forest","5",1957.333,2277.66,16.3654830322689
"Eyrewell_Forest","6",2013.84,2213.4,9.90942676677393
"Eyrewell_Forest","7",1809.158,2069.239,14.375803550602
"Eyrewell_Forest","8",2577.046,2295.673,-10.9184314133314
"West_Coast","1",2839.2,2923.648,2.97435897435899
"West_Coast","2",2212.608,2613.292,18.1091273284739
"West_Coast","3",2554.638,2904.107,13.6797855508295
"West_Coast","4",2632.962,3439.676,30.6390293517339
"West_Coast","5",2813.12,2805.139,-0.283706347400743
"West_Coast","6",2509.977,2636.897,5.05662004074141
"West_Coast","7",3072.55,3099.477,0.876373045190467
"West_Coast","8",2835.36,3512.133,23.869032503809
"LU_H8","1",2114.463,2223.641,5.16339136698064
"LU_H8","2",2005.109,2155.814,7.5160502496373
"LU_H8","3",2012.95,2235.957,11.0786159616483
"LU_H8","4",2088.486,2102.609,0.67623149017997
"LU_H8","5",1553.344,2116,36.2222405339706
"LU_H8","6",2070,2089.5,0.942028985507246
"LU_H8","7",1755.5,2387.318,35.990771859869
"LU_H8","8",1900.732,1932,1.64505043320153
