name	R_E1	R_E2	R_E3	R_E4	R_E5	R_E6	R_E7	R_E8	R_H10	R_H11	R_H12	R_H5	R_H6	R_H7	R_H8	R_H9	R_K10	R_K11	R_K12	R_K13	R_K14	R_K15	R_K16	R_K1	R_K2	R_K3	R_K4	R_K5	R_K6	R_K7	R_K8	R_K9	R_R1	R_R2	R_R3	R_R4	R_R5	R_R6	R_R7	R_R8	R_W1	R_W2	R_W3	R_W4	R_W5	R_W6	R_W7	R_W8
Actinomycetota	51.64679590247652	44.54010792457406	49.526993385020276	48.727294818054794	48.33385711823683	49.76298997265269	53.08388825726814	49.97166508	50.93722378567293	49.92823185691162	47.289165795695546	50.36042072774528	55.35267355024369	53.45011316005805	56.73820003651041	48.666572025390906	61.10751295336788	51.44324131970922	56.24351752048972	58.27846052698125	56.69186800713474	58.272322017892144	56.63614399122897	55.06570022878662	56.76891366373228	57.667866011250204	54.54720518927685	63.96270537856472	61.24480320456408	55.10538141667599	54.08240081383521	55.012613853962996	54.005904405830876	52.47543943768298	54.92497369738199	55.00061020258726	56.65649165649166	53.005775644675836	55.76246006064677	56.01147951	43.301181162133986	41.76144737510799	42.48495776017503	41.33467043486188	44.92091317168073	44.353391008022385	25.13950162	37.82963921695519
Bacillota	1.7595485847768706	4.265445946765293	2.2019448650076714	1.617965696697244	2.7067852110177304	2.453155069	2.1428861458502517	3.18160659	1.5158134289691045	0.9212789999287407	1.0482095201371908	1.1391325536062378	1.0761077729027548	1.0443201769965393	1.3660980507494775	1.0170557099109698	1.0028740284974094	1.017741853489909	0.944662504	0.6665655186365247	0.7722555537538509	1.4145147696463205	0.7136621119525715	0.7278654005790528	0.7899519733568897	0.7712968124461562	0.68717377	0.6448608538079187	0.6069250144144692	0.8560651504214241	0.8433367243133266	0.7973576762140203	1.2452371466805594	1.553716984789284	1.613908211524122	1.7187372874460987	1.7124542124542126	1.9136907182949647	1.57824043	1.4257800573975699	2.1356059149198896	2.4678558723382626	2.563764915621644	1.5862886315981402	3.7461115220541297	3.7150478199576056	0.8329808021595051	2.0294046270829966
Cyanobacteriota	0.13651670054303308	0.14551627963378402	0.15343501366689363	0.15592410343640523	0.15916302551677292	0.1640838650865998	0.1400844567159331	0.12345928879353962	0.17271332635706954	0.13030244418881637	0.12582573136206354	0.11167966211825861	0.13983321342804161	0.1420843778226584	0.13387152390418042	0.12675170861303212	0.072862694	0.11692338976157794	0.12609058184702365	0.098113589	0.11148046051564778	0.10662171630499902	0.12994132337116523	0.10528233888765157	0.094428706	0.079055389	0.098312471	0.076937873	0.081934877	0.1108207855058613	0.11393692777212615	0.10739506185347669	0.13994871952029256	0.1652673352172449	0.12666115077784248	0.13119355626067855	0.13227513227513227	0.14032376149027903	0.12617782933431018	0.1302639881134111	0.1821843908462465	0.1656756619403364	0.21373148842203354	0.1691636024756637	0.126660519	0.12677613363218693	0.086621946	0.1395405274227471
Chloroflexota	0.056629149854887796	0.056589664	0.064015933	0.06783711	0.066909297	0.068874709	0.054815657	0.048574146	0.053845919	0.045809453	0.047692011	0.043656595191682905	0.05370406	0.051759309063968424	0.048680554146974704	0.044616601431787306	0.032383419689119175	0.048802806161354274	0.049826117	0.038436251454002944	0.049659478	0.044679576	0.050758329	0.044542528	0.039599134911206556	0.030405919018902345	0.039527694724573056	0.033407234	0.034392417483486586	0.047785109	0.046795524	0.047618565	0.060269887	0.063250462	0.054137427	0.056952241	0.052910053	0.057959815	0.053930846	0.055972807392481345	0.066800943	0.059968491	0.060776726565507165	0.063816209	0.052690776074334526	0.050710453452874775	0.033238653532362356	0.054602815
Armatimonadota	0.013146052644884667	0.014147416075506777	0.014225763	0.014174918494218655	0.014192881256272744	0.015192950470981464	0.013196361864544419	0.012143536602643243	0.012191528919322557	0.012215854142701535	0.013191407320216338	0.010152696556205326	0.012159409863307968	0.014208438	0.01115596	0.010140136689042569	0.007083873	0.013217426668700117	0.012202314372292612	0.011126283	0.010134587319604343	0.011169894089095137	0.011166832477209513	0.010123301816120344	0.009138262	0.008108245	0.009121776	0.008098723	0.008092334	0.011183748996004352	0.011190233977619533	0.011144770569700412	0.015322852502221816	0.019383205982269468	0.016343374293915157	0.012204051745179401	0.012210012	0.015252582770682501	0.018316136516270835	0.015265311107040363	0.015182032570520542	0.017279056766783554	0.015194181641376791	0.017220247	0.011146125708032303	0.010142090690574954	0.008057855	0.013145122148519657
Vulcanimicrobiota	0.008089879	0.009094767	0.010161259183237988	0.010124941781584755	0.009123995	0.00911577	0.008120838	0.00708373	0.007111725	0.007125915	0.007103065	0.006091618	0.008106273	0.007104219	0.006085069	0.006084082	0.004047927	0.007117076	0.006101157	0.005057402	0.007094211	0.00609267	0.006091	0.006073981	0.006092175	0.005067653	0.005067653	0.005061702	0.005057708	0.006100227	0.007121058	0.006078966	0.008172188	0.009181519	0.007150226	0.008136034	0.008140008	0.008134711	0.008140505	0.008141499	0.00910922	0.008131321	0.009116509	0.009116601	0.007092989	0.007099463	0.00503616	0.008089306
Mycoplasmatota	0.006067409	0.007073708	0.006096756	0.005062471	0.007096441	0.007090044	0.007105733	0.008095691	0.007111725	0.006107927	0.007103065	0.016244314489928524	0.005066421	0.00608933	0.007099247	0.007098096	0.004047927	0.006100351	0.006101157	0.005057402	0.005067294	0.005077225	0.006091	0.004049321	0.006092175	0.004054123	0.005067653	0.005061702	0.005057708	0.006100227	0.006103764	0.004052644	0.007150665	0.007141181	0.007150226	0.00711903	0.007122507	0.007117872	0.006105379	0.008141499	0.008097084	0.008131321	0.008103564	0.00709069	0.007092989	0.007099463	0.003021696	0.005055816
Pseudomonadota	38.20950762976671	42.192647385759614	39.326105290967654	40.891602373286354	39.71675064121409	38.752152334650056	36.581330193275946	38.01432937319112	38.78633329608144	40.501664410126935	42.67420268089985	40.58641975308641	35.437586762455794	37.15404991221216	34.125068457029265	42.01971243	31.457456282383422	38.57556809516547	34.83862439242643	34.94057553229152	35.37579049781092	33.27206815666284	35.94907924390393	36.29001235042821	35.61789880897987	34.87254852	37.82192266761263	29.821524382219263	32.27323764	36.66032920890226	37.69888097660224	36.64299247221407	35.737999652682014	36.89134182793834	35.21690722070706	35.051053616467335	33.46967846967847	36.02456682664931	34.325457394631336	34.09456351387109	45.183753200878535	46.24993647	45.24016936447802	47.588658947944204	43.42631904264913	43.879755372772536	69.18474647972442	52.26803915224074
Planctomycetota	2.2995479780359798	2.1685967784312536	2.5006858849948688	2.3024117611323733	2.5344430814772756	2.3944089942266786	2.2992122787071625	2.1494059786678537	2.8152272196202337	2.913481213034316	2.7752691554455144	2.8894574398960358	2.746000060797049	2.877208650908833	2.4482262023082697	2.785495548479994	1.9237775259067356	2.6211173809160693	2.305220556832279	1.865169675820564	2.088738446570455	2.207577249972075	2.000893346598177	2.552084387843939	1.9230964492775695	2.1000354735721887	2.5307859930066385	1.6825097943936589	1.782336458997158	2.2347163902925056	2.4333672431332656	2.170190778208935	2.585475978874894	2.652438713	2.2696861050674677	2.0807908225530873	2.403337403337403	2.5868380379077527	2.379062620835623	2.226700046813621	2.916974524549347	2.8540936118310714	3.1431697088794794	2.830198235431164	2.2971151800099303	2.1379527175732003	1.3960234483592193	2.297362886264359
Verrucomicrobiota	0.34786477768002505	0.3122536833808282	0.3404021826384726	0.35336046817730793	0.3811802394541822	0.363617948	0.30757674191976614	0.28031330324434817	0.3108839874427252	0.270784767	0.3663152340460076	0.2852907732293697	0.2806797110113589	0.2476327727766332	0.26774304780836083	0.2829098136242877	0.10423413212435235	0.24299730567840985	0.24709686603892536	0.18307793455722454	0.23208204961893947	0.2294905512850455	0.23348831543256252	0.21056467777530313	0.15839653964482622	0.15709724826432878	0.2179090863021335	0.13261659630900682	0.17196208741743294	0.22469168437426923	0.24109867751780267	0.20161903121548927	0.3248444730471025	0.27340522122359034	0.29418073729047284	0.3071353022536816	0.2452177452177452	0.3213210770357114	0.2900054948409549	0.2890232236266309	0.32084695499033417	0.3232200030492453	0.2897023966289175	0.32211991369617404	0.24724133388726197	0.22109757705453398	0.1792872826897121	0.2679582591813623
Kiritimatiellota	0.015168522282559233	0.015157945795185835	0.017274141	0.018224895206852557	0.018247990186636386	0.018231541	0.014211467	0.013155497986196845	0.016255372	0.015269817678376917	0.014206130960232979	0.013198505523066922	0.015199262329134957	0.015223326195284829	0.014198494959534288	0.014196191364659595	0.008095855	0.015250877	0.013219173903316995	0.010114803014211301	0.013174963515485645	0.012185339006285604	0.013197165654883967	0.013160292360956446	0.009138262	0.009121776	0.014189428875487761	0.007086383	0.009103875	0.014233862358550991	0.014242115971515769	0.013171092491464122	0.0173659	0.018363037	0.016343374293915157	0.016272068993572534	0.015262515	0.016269421622061336	0.014245883957099536	0.015265311107040363	0.02024271	0.019311887	0.019245963412410607	0.018233202662047587	0.014185978173859292	0.013184717897747437	0.010072319252231019	0.015167448632907296
Chlamydiota	0.004044939	0.004042119	0.004064504	0.004049977	0.004055109	0.004051453	0.004060419	0.004047846	0.006095764	0.004071951	0.004058895	0.004061079	0.004053137	0.003044665	0.004056713	0.004056055	0.002023964	0.034568654364292614	0.002033719	0.003034441	0.003040376	0.00203089	0.002030333	0.003036991	0.002030725	0.002027061	0.003040592	0.003037021	0.003034625	0.003050113	0.003051882	0.002026322	0.005107618	0.005100844	0.006128765	0.005085022	0.007122507	0.007117872	0.005087816	0.006106124	0.010121355047013695	0.012196981247141333	0.010129454427584528	0.022285025	0.012159409863307968	0.010142090690574954	0.006043392	0.011122795664132018
Candidatus Omnitrophota	0.001011235	0.00101053	0.001016126	0.001012494	0.001013777	0.001012863	0.001015105	0.001011961	0.001015961	0	0.001014724	0.00101527	0.001013284	0.001014888	0.001014178	0.001014014	0	0.001016725	0.00101686	0	0.001013459	0.001015445	0.001015167	0	0	0	0	0	0	0.001016704	0	0	0.001021524	0.001020169	0.001021461	0.001017004	0.001017501	0.001016839	0.001017563	0.001017687	0.001012136	0.001016415	0.001012945	0.001012956	0.001013284	0.001014209	0	0.001011163
Lentisphaerota	0	0	0	0	0	0	0	0	0	0	0	0	0	0	0	0	0	0	0	0	0	0	0	0	0	0	0	0	0	0	0	0	0	0	0	0	0	0	0	0	0	0	0	0	0	0	0	0
Bacteroidota	1.5532566817340654	2.1696073081509324	1.3758344934104236	1.1481683980317112	1.5318173984448653	1.4858705560619871	1.476977424070164	2.4469226254326135	1.0819981915898769	1.139128398806918	1.4723640016641468	1.1563921377517867	0.904862751	0.9631291039550202	1.1399363096083244	1.3050355918797785	1.1071081606217619	1.040109806313863	1.1683716011470175	0.8850452637434888	0.8462380411869626	0.8966378618791823	1.0202424217814146	0.7845558907493267	1.127052301318956	1.4189428875487762	1.059139512491765	1.0174021319889455	0.9902993151862756	1.0614394501662312	1.0162767039674467	0.8571341729060499	1.1492139376666362	0.8997888250716669	1.003074597289043	1.0048002603531039	0.9615384615384616	1.1632636459773855	1.1284775220302419	1.1245445848853068	1.0637544154411394	1.1709101997255678	0.8741719171005448	1.2003525085847992	1.208847997243867	1.3914948427468836	0.6174331701617615	0.9798171816858116
Rhodothermota	0.05460668	0.054568605	0.060967555099427924	0.066824616	0.063867966	0.064823255	0.053800552	0.047562185027019366	0.056893802	0.047845429	0.046677287	0.044671864847303434	0.055730629	0.054803974303025395	0.050708910569765314	0.047658642	0.033395402	0.049819531	0.053893555	0.040459212056845203	0.052699854	0.045695021	0.048727996	0.047579519	0.040614497	0.035473572	0.043581817	0.035431915	0.038438584	0.047785109	0.051881994	0.048631726	0.060269887	0.066310968	0.058223271	0.061020258725896996	0.059015059	0.061010331082730004	0.054948409548812506	0.05902587	0.062752401	0.057935660923921314	0.059763781	0.058751431	0.049650923608507536	0.049696244	0.030216958	0.052580489
Chlorobiota	0.012134817826047386	0.013136886355827722	0.014225763	0.016199906850535607	0.015206658	0.015192950470981464	0.012181257105733312	0.010119613835536036	0.012191528919322557	0.011197866297476407	0.011161960040183057	0.009137427	0.011146125708032303	0.011163772543208874	0.010141782113953064	0.010140136689042569	0.006071891	0.011183976411977022	0.010168595310243844	0.008091842	0.010134587319604343	0.009139004	0.011166832477209513	0.009110972	0.008122899	0.006081184	0.008108245	0.006074043	0.007080792	0.011183748996004352	0.01017294	0.010131609608818556	0.012258282001777454	0.014282362	0.012257530720436368	0.012204051745179401	0.012210012	0.013218905067924835	0.012210758	0.012212248885632292	0.014169897	0.015246226558926664	0.014181236198618339	0.016207291	0.011146125708032303	0.011156299759632449	0.008057855	0.013145122148519657
Balneolota	0.00202247	0.002021059	0.002032252	0.002024988	0.002027554	0.002025727	0.00203021	0.002023923	0.002031921	0.002035976	0.002029447	0.00101527	0.001013284	0.002029777	0.002028356	0.002028027	0.001011982	0.00203345	0.002033719	0.00101148	0.002026917	0.001015445	0.001015167	0.00101233	0.001015362	0.001013531	0.002027061	0.00101234	0.001011542	0.001016704	0.002034588	0.002026322	0.002043047	0.002040337	0.002042922	0.001017004	0.002035002	0.002033678	0.002035126	0.002035375	0.002024271	0.00203283	0.002025891	0.002025911	0.002026568	0.001014209	0.001007232	0.002022326
Ignavibacteriota	0.001011235	0.00101053	0.001016126	0.001012494	0.001013777	0.001012863	0.001015105	0.001011961	0.001015961	0.001017988	0.001014724	0.00101527	0.001013284	0.001014888	0.001014178	0.001014014	0	0.001016725	0.00101686	0.00101148	0.001013459	0.001015445	0.001015167	0.00101233	0.001015362	0	0.001013531	0	0	0.001016704	0.001017294	0.001013161	0.001021524	0.001020169	0.001021461	0.001017004	0.001017501	0.001016839	0.001017563	0.001017687	0.001012136	0.001016415	0.001012945	0.001012956	0.001013284	0.001014209	0.001007232	0.001011163
Gemmatimonadota	0.2032581985862937	0.20311647365549018	0.22862833162285467	0.2409736144017172	0.21390699607668207	0.21573989668793678	0.18170375182718856	0.17203343520411257	0.16560160115413142	0.14353628617674302	0.15931161148261272	0.13909194282001297	0.16719188562048454	0.1887692448215319	0.19167968195371288	0.13587783163317044	0.099174223	0.16165929540948604	0.23692827072868153	0.14261872250037932	0.2158667099075725	0.16754841133642706	0.20201815117860847	0.16399748942114956	0.1492582777422401	0.11554249227182893	0.1459484112907313	0.11743148986141062	0.12644271133634774	0.18199009729861626	0.1943031536113937	0.22998753812018122	0.2083907940302167	0.22341695316405336	0.20633510046067888	0.19017980636237897	0.19434269434269433	0.2247213861547222	0.18723161772187966	0.19234291994870858	0.17003876478983007	0.15246226558926662	0.1570065436275602	0.15802108973774573	0.12868708772000934	0.1501029422205093	0.085614714	0.13549587445397185
Fibrobacterota	0.001011235	0.00101053	0.001016126	0.001012494	0.001013777	0.001012863	0.001015105	0.001011961	0.001015961	0.001017988	0.001014724	0.00101527	0.001013284	0.001014888	0.001014178	0	0	0.001016725	0.00101686	0	0.001013459	0	0.001015167	0.00101233	0	0	0	0	0	0	0	0.001013161	0.001021524	0.001020169	0.001021461	0.001017004	0.001017501	0.001016839	0.001017563	0.001017687	0.001012136	0.001016415	0.001012945	0.001012956	0.001013284	0.001014209	0	0.001011163
Fidelibacterota	0	0	0	0	0	0	0	0	0	0	0	0	0	0	0	0	0	0	0	0	0	0	0	0	0	0	0	0	0	0	0	0	0	0	0	0	0	0	0	0	0	0	0	0	0	0	0	0
Myxococcota	1.5744926129296481	1.6784898643869113	1.785333238494914	1.8933641131563494	1.7690412708711385	1.8170768763293832	1.543974338151697	1.4784755813718147	1.8927348647248272	1.465902497124184	1.8305614465900213	1.242690058479532	1.6222679325963378	1.5294368384196158	1.4594024461978459	1.515950435011864	0.7680942357512954	1.2800569366071883	1.6046043399564784	1.1055479694532953	1.4036403437652014	1.2987540490866072	1.1877449089395573	1.4182745844384603	1.1036989653456801	0.864541631	1.1787361272994477	0.859477025	0.9943454819490386	1.2291956851062964	1.1983723296032553	1.6788077121812346	1.957239026	2.0056517347969356	1.8672305130798068	1.8712879342608413	1.8162393162393164	2.0123240868787113	1.6820318700775383	1.9274999491156297	2.021234602888635	2.011485490674391	2.1160430299224076	1.8435793802737004	1.609095238577754	1.7789227071268467	0.9750005036159625	1.5976379226662354
Acidobacteriota	0.6370779358674878	0.7225287495705248	0.8088362309857439	0.8565700747220703	0.8049391226771827	0.7606603869138053	0.63139516	0.5413993402011779	0.5780816629245445	0.9009192430242383	0.5540391074490861	0.6538336582196231	0.5350140339855506	0.6434392538540388	0.4979615017950954	0.55263745	0.6132610103626944	0.9557216206598546	0.46267108661609485	0.39245435695139846	0.4033565753202528	0.430548645	0.3654599719814022	0.47984450608410434	0.6163249972077534	0.297978006	0.3739928039324989	0.303702129	0.2943586319910175	0.5053021137285602	0.4506612410986775	0.498475193	0.615978671	0.8538812319557655	0.5761039438605093	0.6163046131315597	0.5565730565730566	0.6497600260310746	0.7194171398335266	0.6177362561315667	0.659912349	0.7775575545052599	0.8721460262150278	0.8873491962196491	0.5593328537121665	0.4675503808355054	0.42001571281803346	0.6562449441837891
Thermodesulfobacteriota	0.26797722699187976	0.2768851431920612	0.3058539014154634	0.3290606079015045	0.3304913778246367	0.34336068064418107	0.25073087542634404	0.23173915683377522	0.27430940068475756	0.24737104638970606	0.2455631208840272	0.22742040285899928	0.259400744	0.24560299595059523	0.2271759193525486	0.22206899349003226	0.14370142487046633	0.2511311067053022	0.2552317422871205	0.17296313154301324	0.2168801686395329	0.20715076310685526	0.21724565001116689	0.20955234759369112	0.17362697614913644	0.1489890031926215	0.18142198347945065	0.14172766017756455	0.16386975389190667	0.22672509328263368	0.23092573753814855	0.2218822504331264	0.2941987680426589	0.3376758515858523	0.2911163546103638	0.29391424619640394	0.2767602767602768	0.29793378345399824	0.25744347436758447	0.2788463495552706	0.39169644	0.39741830563602176	0.49735621239440037	0.5662422382269222	0.3343837712409691	0.25558068540248885	0.1792872826897121	0.42468856172140423
Nitrospirota	0.023258401	0.026273772711655444	0.030483777549713962	0.032399813701071215	0.031427094	0.030385900941962928	0.021317199935033296	0.020239228	0.024383057838645115	0.018323781214052304	0.020294472800332832	0.016244314489928524	0.023305535571340272	0.020297768260379774	0.022311921	0.01926626	0.013155764248704663	0.028468303594123327	0.025421488	0.019218125727001472	0.027363385762931725	0.020308898343809337	0.025379165	0.022271264	0.022337973539654984	0.015202959509451172	0.017230021	0.015185106	0.017196208741743293	0.032534543	0.027466937945066123	0.025329024022046388	0.021451993503110542	0.023463880925905144	0.020429217867393948	0.020340086	0.019332519332519334	0.021353615878955505	0.018316136516270835	0.019336060735584464	0.028339794	0.027443207806067994	0.026336582	0.028362759696518466	0.022292251416064605	0.019269972	0.014101246953123425	0.024267917812651675
Spirochaetota	0.030337044565118466	0.033347481	0.036580533	0.037462285	0.040551089	0.038488808	0.030453142764333276	0.027322957355947298	0.032510744	0.026467684	0.024353367	0.023351202	0.029385241	0.024357321912455727	0.024340277073487352	0.025350342	0.014167746113989636	0.028468303594123327	0.026438348	0.020229606028422602	0.023309551	0.028432457681333075	0.026394331309767934	0.022271264	0.018276523805172258	0.015202959509451172	0.019257082045304824	0.015185106	0.020230834	0.026434315808737556	0.027466937945066123	0.025329024022046388	0.035753323	0.035705906	0.035751131267939405	0.043731185420226186	0.032560032560032565	0.037623038	0.029509331053991898	0.034601372	0.04048542	0.041673019261066216	0.042543709	0.044570051	0.030398524658269914	0.030426272	0.019137406579238934	0.032357224
Campylobacterota	0.021235931195582928	0.023242184	0.022354770203123573	0.021262377741327984	0.058799079	0.024308720753570344	0.022332304693844406	0.020239228	0.021335175608814476	0.020359757	0.023338643720382756	0.019290123456790122	0.019252398950237615	0.020297768260379774	0.018255207805115515	0.01926626	0.012143782	0.020334503	0.020337190620487687	0.015172205	0.017228798443327385	0.018278008509428408	0.018272999	0.016197282905792552	0.016245799	0.013175898	0.016216490143414586	0.014172766017756454	0.013150041978980164	0.018300680175279846	0.018311291963377416	0.016210575374109693	0.023495040503406787	0.024484049661814063	0.024515061440872735	0.022374094866162233	0.022385022385022386	0.024404132433092005	0.021368825935649306	0.023406810364128557	0.026315523122235604	0.026426792702139545	0.024310690626202867	0.024310936882730113	0.020265683	0.020284181	0.013094015027900323	0.021234428086070217
Bdellovibrionota	0.017190991920233798	0.020210594393581114	0.016258015	0.014174918494218655	0.019261767419227298	0.021270131	0.016241676	0.021251189054625676	0.017271333	0.015269817678376917	0.021309196	0.015229044834307988	0.014185978173859292	0.012178660956227863	0.015212673170929593	0.015210205033563854	0.006071891	0.010167251283615475	0.011185454841268228	0.008091842	0.011148046051564777	0.010154449171904669	0.010151665888372284	0.010123301816120344	0.009138262	0.009121776	0.010135306339634118	0.007086383	0.009103875	0.00915034	0.01017294	0.009118449	0.015322852502221816	0.013262193566815949	0.015321913	0.017289073	0.014245014245014244	0.015252582770682501	0.015263447	0.016282999	0.014169897	0.014229811	0.012155345313101433	0.016207291	0.016212546484410624	0.017241554173977422	0.008057855	0.013145122148519657
Thermomicrobiota	0.016179757101396516	0.017179005234543947	0.018290267	0.019237389385011034	0.019261767419227298	0.019244403929909854	0.016241676	0.015179420753304052	0.016255372	0.012215854142701535	0.013191407320216338	0.011167966211825859	0.016212546484410624	0.014208438	0.014198494959534288	0.013182177695755337	0.011131800518134716	0.013217426668700117	0.014236033434341381	0.012137764	0.014188422247446078	0.013200783923476069	0.014212332243721195	0.014172622542568479	0.012184349203448172	0.010135306339634118	0.011148837	0.011135744728237215	0.010115417	0.014233862358550991	0.014242115971515769	0.013171092491464122	0.0173659	0.018363037	0.015321913	0.018306077617769104	0.016280016280016282	0.016269421622061336	0.014245883957099536	0.015265311107040363	0.017206303579923282	0.015246226558926664	0.014181236198618339	0.015194336	0.014185978173859292	0.013184717897747437	0.008057855	0.013145122148519657
Nitrospinota	0.003033704	0.003031589	0.003048378	0.004049977	0.003041332	0.00303859	0.00203021	0.002023923	0.002031921	0.002035976	0.002029447	0.002030539	0.002026568	0.002029777	0.002028356	0.002028027	0.001011982	0.00203345	0.002033719	0.00101148	0.002026917	0.001015445	0.002030333	0.00202466	0.001015362	0.002027061	0.002027061	0.00101234	0.001011542	0.002033409	0.002034588	0.002026322	0.003064571	0.003060506	0.003064383	0.003051013	0.002035002	0.003050517	0.003052689	0.003053062	0.003036407	0.003049245	0.003038836	0.004051823	0.002026568	0.002028418	0.002014464	0.00303349
Aquificota	0.00202247	0.002021059	0.002032252	0.002024988	0.002027554	0.002025727	0.00203021	0.001011961	0.002031921	0.001017988	0.002029447	0.00101527	0.002026568	0.002029777	0.001014178	0.001014014	0.001011982	0.001016725	0.00101686	0.00101148	0.001013459	0.001015445	0.001015167	0.00101233	0.001015362	0.001013531	0.001013531	0.00101234	0.001011542	0.001016704	0.001017294	0.001013161	0.002043047	0.002040337	0.002042922	0.002034009	0.002035002	0.002033678	0.001017563	0.002035375	0.002024271	0.00203283	0.002025891	0.002025911	0.002026568	0.002028418	0.001007232	0.002022326
Deferribacterota	0.001011235	0.002021059	0.002032252	0.002024988	0.002027554	0.002025727	0.001015105	0.001011961	0.001015961	0.001017988	0.001014724	0.00101527	0.001013284	0.001014888	0.001014178	0.001014014	0.001011982	0.001016725	0.00101686	0.00101148	0.001013459	0.001015445	0.001015167	0.00101233	0.001015362	0.001013531	0.001013531	0.00101234	0.001011542	0.001016704	0.001017294	0.001013161	0.001021524	0.001020169	0.001021461	0.001017004	0.001017501	0.001016839	0.001017563	0.001017687	0.001012136	0.001016415	0.001012945	0.001012956	0.001013284	0.001014209	0.001007232	0.001011163
Calditrichota	0.001011235	0.00101053	0.001016126	0.001012494	0.001013777	0.001012863	0.001015105	0.001011961	0.001015961	0.001017988	0.001014724	0.00101527	0.001013284	0.001014888	0.001014178	0.001014014	0	0.001016725	0.00101686	0.00101148	0.001013459	0.001015445	0.001015167	0.00101233	0.001015362	0	0.001013531	0	0	0.001016704	0.001017294	0.001013161	0.001021524	0.001020169	0.001021461	0.001017004	0.001017501	0.001016839	0.001017563	0.001017687	0.001012136	0.001016415	0.001012945	0.001012956	0.001013284	0.001014209	0.001007232	0.001011163
Atribacterota	0.001011235	0.00101053	0.001016126	0.001012494	0.001013777	0.001012863	0.001015105	0.001011961	0.001015961	0.001017988	0.001014724	0.00101527	0.001013284	0.001014888	0.001014178	0.001014014	0.001011982	0.001016725	0.00101686	0.00101148	0.001013459	0.001015445	0.001015167	0.00101233	0.001015362	0.001013531	0.001013531	0	0.001011542	0.001016704	0.001017294	0.001013161	0.001021524	0.001020169	0.001021461	0.001017004	0.001017501	0.001016839	0.001017563	0.001017687	0.001012136	0.001016415	0.001012945	0.002025911	0.001013284	0.001014209	0.001007232	0.001011163
Chrysiogenota	0.00202247	0.002021059	0.002032252	0.002024988	0.002027554	0.002025727	0.001015105	0.001011961	0.002031921	0.001017988	0.002029447	0.00101527	0.002026568	0.001014888	0.001014178	0.001014014	0.001011982	0.00203345	0.002033719	0.00101148	0.001013459	0.001015445	0.001015167	0.00202466	0.001015362	0.001013531	0.001013531	0.00101234	0.001011542	0.001016704	0.001017294	0.002026322	0.002043047	0.002040337	0.002042922	0.002034009	0.002035002	0.002033678	0.002035126	0.002035375	0.002024271	0.00203283	0.002025891	0.002025911	0.001013284	0.001014209	0.001007232	0.002022326
Elusimicrobiota	0.001011235	0.00101053	0.001016126	0.001012494	0.001013777	0.001012863	0.001015105	0.001011961	0.001015961	0.001017988	0.001014724	0.00101527	0.001013284	0.001014888	0.001014178	0.001014014	0	0.001016725	0.00101686	0	0.001013459	0	0.001015167	0.00101233	0.001015362	0	0.001013531	0	0	0.001016704	0.001017294	0.001013161	0.001021524	0.001020169	0.001021461	0.001017004	0.001017501	0.001016839	0.001017563	0.001017687	0.001012136	0.001016415	0.001012945	0.001012956	0.001013284	0.001014209	0.001007232	0.001011163
Thermodesulfobiota	0	0	0	0	0	0	0	0	0	0	0	0	0	0	0	0	0	0	0	0	0	0	0	0	0	0	0	0	0	0	0	0	0	0	0	0	0	0	0	0	0	0	0	0	0	0	0	0
Dictyoglomota	0	0	0	0	0	0	0	0	0	0	0	0	0	0	0	0	0	0	0	0	0	0	0	0	0	0	0	0	0	0	0	0	0	0	0	0	0	0	0	0	0	0	0	0	0	0	0	0
Caldisericota	0	0	0	0	0	0	0	0	0	0	0	0	0	0	0	0	0	0	0	0	0	0	0	0	0	0	0	0	0	0	0	0	0	0	0	0	0	0	0	0	0	0	0	0	0	0	0	0
Coprothermobacterota	0	0	0	0	0	0	0	0	0	0	0	0	0	0	0	0	0	0	0	0	0	0	0	0	0	0	0	0	0	0	0	0	0	0	0	0	0	0	0	0	0	0	0	0	0	0	0	0
Thermosulfidibacterota	0	0	0	0	0	0	0	0	0	0	0	0	0	0	0	0	0	0	0	0	0	0	0	0	0	0	0	0	0	0	0	0	0	0	0	0	0	0	0	0	0	0	0	0	0	0	0	0
Deinococcota	0.15067398800675505	0.1344004527173144	0.1625801469318078	0.16098657432719762	0.15105280765604562	0.166109592	0.14515998050998863	0.20036835394361352	0.13410681811254813	0.12012256573656509	0.11770794224193042	0.10863385315139698	0.13679336096221464	0.13700993575756348	0.12474392000162265	0.1176255855928938	0.090066386	0.12404046566010878	0.13117487950214557	0.10215951044353414	0.12769580022701474	0.1137298307253323	0.1218199906604674	0.11945496143022008	0.10559769309655082	0.088177165	0.10743424720012164	0.098197022	0.097108002	0.11590430777677237	0.11902339776195321	0.12259247626670451	0.14301329002073696	0.16016649153770032	0.13585429881816974	0.14339760800585796	0.14245014245014245	0.14337427804441552	0.1353358975924456	0.13840548737049932	0.15080819020050407	0.13721603903033996	0.14485119831445875	0.14080084277914526	0.11956753032252834	0.11866246107972696	0.079571322	0.12538424203203366
Synergistota	0.012134817826047386	0.012126356636148668	0.013209636938209382	0.014174918494218655	0.013179104023681833	0.014180087106249364	0.011166152346922203	0.010119613835536036	0.013207489662599435	0.011197866297476407	0.010147236400166416	0.009137427	0.012159409863307968	0.011163772543208874	0.010141782113953064	0.010140136689042569	0.007083873	0.011183976411977022	0.011185454841268228	0.009103323	0.011148046051564777	0.010154449171904669	0.011166832477209513	0.010123301816120344	0.009138262	0.008108245	0.009121776	0.007086383	0.008092334	0.011183748996004352	0.01017294	0.010131609608818556	0.013279805501925573	0.015302531038633788	0.012257530720436368	0.014238060369375968	0.013227513227513225	0.013218905067924835	0.012210758	0.013229936292768314	0.015182032570520542	0.013213396351069773	0.015194181641376791	0.014181379848259233	0.011146125708032303	0.011156299759632449	0.007050623	0.013145122148519657
Thermotogota	0.017190991920233798	0.018189534954223003	0.018290267	0.019237389385011034	0.019261767419227298	0.019244403929909854	0.016241676	0.015179420753304052	0.017271333	0.015269817678376917	0.015220855	0.015229044834307988	0.015199262329134957	0.016238214608303818	0.014198494959534288	0.014196191364659595	0.009107837	0.015250877	0.016269752	0.011126283	0.014188422247446078	0.013200783923476069	0.013197165654883967	0.014172622542568479	0.012184349203448172	0.010135306339634118	0.013175898	0.002024681	0.011126958597598602	0.013217157904368778	0.014242115971515769	0.013171092491464122	0.019408947	0.019383205982269468	0.017364835187284856	0.018306077617769104	0.017297517	0.018303099324819005	0.017298573	0.018318373328448437	0.021254846	0.020328302078568887	0.020258908855169056	0.019246158365494676	0.016212546484410624	0.015213136	0.010072319252231019	0.017189775
Candidatus Saccharimonadota	0.003033704	0.002021059	0.003048378	0.002024988	0.003041332	0.004051453	0.007105733	0.005059807	0.003047882	0.003053964	0.003044171	0.003045809	0.002026568	0.003044665	0.003042535	0.002028027	0.004047927	0.00203345	0.003050579	0.003034441	0.005067294	0.003046335	0.004060666	0.004049321	0.005076812	0.004054123	0.002027061	0.006074043	0.004046167	0.004066818	0.004069176	0.004052644	0.003064571	0.003060506	0.003064383	0.003051013	0.003052503	0.003050517	0.004070253	0.003053062	0.002024271	0.003049245	0.002025891	0.002025911	0.002026568	0.001014209	0.002014464	0.00303349
Candidatus Bipolaricaulota	0.00202247	0.002021059	0.002032252	0.002024988	0.002027554	0.00303859	0.00203021	0.002023923	0.002031921	0.001017988	0.002029447	0.00101527	0.002026568	0.002029777	0.002028356	0.001014014	0.001011982	0.00203345	0.00101686	0.00101148	0.001013459	0.001015445	0.001015167	0.00101233	0.001015362	0.001013531	0.001013531	0.00101234	0.001011542	0.001016704	0.001017294	0.001013161	0.002043047	0.003060506	0.002042922	0.002034009	0.002035002	0.001016839	0.001017563	0.002035375	0.002024271	0.00203283	0.002025891	0.002025911	0.002026568	0.002028418	0.001007232	0.001011163
Candidatus Fervidibacterota	0.001011235	0.00101053	0.001016126	0.001012494	0.001013777	0.001012863	0.001015105	0	0.001015961	0.001017988	0	0	0	0.001014888	0.001014178	0.001014014	0	0.001016725	0	0	0	0	0.001015167	0	0.001015362	0	0.001013531	0	0	0	0.001017294	0	0	0.001020169	0.001021461	0	0	0.001016839	0.001017563	0.001017687	0.001012136	0.001016415	0.001012945	0.001012956	0	0.001014209	0	0.001011163
Minisyncoccota	0	0	0	0	0	0	0	0	0	0	0	0	0	0	0	0	0	0	0	0	0	0	0	0.00101233	0	0	0	0	0	0	0	0	0	0	0	0	0	0	0	0	0	0	0	0	0	0	0	0
Candidatus Absconditibacteriota	0	0	0	0	0	0	0	0	0	0	0	0	0	0	0	0	0	0	0	0	0	0	0	0	0	0	0	0	0	0	0	0	0	0	0	0	0	0	0	0	0	0	0	0	0.001013284	0	0	0
Fusobacteriota	0.006067409	0.007073708	0.006096756	0.005062471	0.007096441	0.00607718	0.006090629	0.006071768	0.006095764	0.005089939	0.006088342	0.006091618	0.005066421	0.011163772543208874	0.005070891	0.006084082	0.003035946	0.006100351	0.006101157	0.004045921	0.004053835	0.005077225	0.004060666	0.004049321	0.005076812	0.004054123	0.004054123	0.004049362	0.003034625	0.005083522	0.004069176	0.004052644	0.007150665	0.006121012	0.007150226	0.006102026	0.007122507	0.006101033	0.006105379	0.006106124	0.007084949	0.007114906	0.007090618	0.006077734	0.006079705	0.005071045	0.003021696	0.006066979
Ascomycota	0.20224696376745643	0.21221124113260167	0.20424130958308354	0.2014863414535366	0.20681055544854568	0.19750835612275902	0.23956472307942184	0.3106721447509563	0.27532536142803443	0.32575611047204095	0.35819744492587446	0.23452729044834303	0.2462280497319863	0.27807942516720285	0.2596296221171984	0.32854042872497924	0.8105974740932643	1.1865182247979258	0.5002948892639971	0.3671673494158702	0.3161991243716555	0.48538267041704325	0.26698881286419107	1.027515134336215	0.5361113649517196	0.7510262	0.25845031166066995	0.35938085259311014	0.3813512173904248	0.5551206319834886	0.399796541	0.5582516894459024	0.3054355265442882	0.3233934892831274	0.2952021981838426	0.26137010820925877	0.2706552706552707	0.3233547547384691	0.3032338156582616	0.31039465917648745	0.3117377354480218	0.4197794379224475	0.30590952371305274	0.26944621711692546	0.3110782356696288	0.46045091735210286	0.20849700852118205	0.25582430027503644
Basidiomycota	0.041460627572328566	0.039410659	0.038612784896304354	0.041512261	0.043592421001409136	0.043553124683480195	0.04060419	0.036430609807929726	0.04165439	0.039701526	0.037544775	0.042641326	0.04154465	0.045669979	0.040567128	0.038532519	0.034407383	0.04168573	0.044741819	0.03236737	0.037497973082536065	0.034525127	0.043652163	0.032394565811585105	0.04162986	0.033446511	0.036487102822682825	0.030370213	0.032369334102105025	0.033551247	0.034587996	0.037486955552628654	0.048011605	0.048968099323628125	0.044944279	0.046782198	0.057997558	0.047791426	0.043755215	0.049866683	0.048582504225665735	0.048787925	0.043556654	0.044570051	0.035464945	0.037525735555127324	0.025180798130577546	0.045502345898721895
Mucoromycota	0.009101113	0.004042119	0.004064504	0.006074965	0.004055109	0.00607718	0.018271885658599968	0.014167459	0.028446901	0.10383476021296305	0.087266233	0.035534438	0.074983027	0.1329503821054875	0.040567128	0.046644629	0.030359455958549223	0.044735906	0.026438348	0.03236737	0.077022864	0.064988475	0.062940329	0.025308254540300862	0.032491598	0.014189428875487761	0.010135306339634118	0.011135744728237215	0.025288542	0.050835222709110686	0.095625636	0.058763336	0.24414411653540094	0.09691603	0.11133923737729702	0.15458465543893907	0.075295075	0.12100382331408119	0.10379144025886808	0.16893610958458005	0.04048542	0.037607359	0.019245963412410607	0.011142513	0.044584503	0.030426272	0.019137406579238934	0.010111632421938199
Microsporidia	0	0	0	0	0	0	0	0	0.001015961	0	0	0	0	0	0	0.001014014	0.001011982	0.001016725	0.00101686	0.00101148	0	0.001015445	0.001015167	0.00101233	0.001015362	0.001013531	0.001013531	0.00101234	0.001011542	0	0.001017294	0	0	0	0	0	0	0	0	0.001017687	0	0	0	0	0	0.001014209	0	0
Apicomplexa	0.017190991920233798	0.015157945795185835	0.017274141	0.016199906850535607	0.017234212954045473	0.016205814	0.016241676	0.016191382136857658	0.020319215	0.018323781214052304	0.019279749	0.018274854	0.017225830639686288	0.019282879847360785	0.01724103	0.020280273378085138	0.014167746113989636	0.018301052310507854	0.017286612027414536	0.017195165124159213	0.017228798443327385	0.019293453426618874	0.020303332	0.017209613087404586	0.021322611	0.015202959509451172	0.018243551411341413	0.018222127737115443	0.019219292	0.017283975721097633	0.019328586	0.015197414413227833	0.020430470002962425	0.020403374718178387	0.023493601	0.022374094866162233	0.022385022385022386	0.020336777	0.019333699656063658	0.021371436	0.025303387617534236	0.020328302078568887	0.020258908855169056	0.018233202662047587	0.016212546484410624	0.017241554173977422	0.010072319252231019	0.018200938359488758
Oomycota	0.003033704	0.003031589	0.002032252	0.002024988	0.004055109	0.00303859	0.004060419	0.006071768	0.002031921	0.002035976	0.003044171	0.002030539	0.002026568	0.003044665	0.002028356	0.002028027	0.012143782	0.00203345	0.002033719	0.00101148	0.002026917	0.00203089	0.001015167	0.00101233	0.002030725	0.002027061	0.002027061	0.00101234	0.001011542	0.002033409	0.001017294	0.001013161	0.002043047	0.002040337	0.002042922	0.001017004	0.002035002	0.002033678	0.002035126	0.003053062	0.003036407	0.00203283	0.002025891	0.002025911	0.001013284	0.002028418	0.001007232	0.002022326
Bacillariophyta	0.00202247	0.002021059	0.002032252	0.002024988	0.002027554	0.001012863	0.00203021	0.002023923	0.002031921	0.002035976	0.002029447	0.002030539	0.002026568	0.002029777	0.002028356	0.002028027	0.003035946	0.00203345	0.002033719	0.002022961	0.004053835	0.003046335	0.002030333	0.00202466	0.002030725	0.002027061	0.002027061	0.002024681	0.002023083	0.002033409	0.002034588	0.003039483	0.002043047	0.003060506	0.003064383	0.002034009	0.003052503	0.002033678	0.002035126	0.002035375	0.002024271	0.00203283	0.002025891	0.002025911	0.001013284	0.002028418	0.001007232	0.002022326
Cercozoa	0	0	0	0	0	0	0	0	0	0	0	0	0	0	0	0	0	0	0	0	0	0	0	0	0	0	0	0	0	0	0	0	0	0	0	0	0	0	0	0	0	0	0	0	0	0	0	0
Euglenozoa	0.020224696376745645	0.018189534954223003	0.021338644284799774	0.021262377741327984	0.021289321884409115	0.021270131	0.018271885658599968	0.017203343520411262	0.020319215	0.020359757	0.019279749	0.018274854	0.020265683	0.021312656673398763	0.018255207805115515	0.017238232	0.015179727979274612	0.018301052310507854	0.017286612027414536	0.016183685	0.019255715907248252	0.017262564	0.017257832010232885	0.017209613087404586	0.016245799	0.014189428875487761	0.017230021	0.015185106	0.015173125360361727	0.017283975721097633	0.017293997965412006	0.018236897	0.021451993503110542	0.022443712189996225	0.021450678760763644	0.021357090554063953	0.022385022385022386	0.022370454730334336	0.021368825935649306	0.021371436	0.024291252112832867	0.022361132286425774	0.023297745183444414	0.021272069772388852	0.018239115	0.019269972	0.013094015027900323	0.021234428086070217
Heterolobosea	0	0	0	0	0	0	0	0	0	0	0	0	0	0	0	0	0	0	0	0	0	0	0	0	0	0	0	0	0	0	0	0	0	0	0	0	0	0	0	0	0	0	0	0	0	0	0	0
Parabasalia	0.001011235	0.00101053	0.001016126	0.001012494	0.001013777	0.001012863	0.001015105	0.001011961	0.001015961	0.001017988	0.001014724	0.00101527	0.001013284	0.001014888	0.001014178	0.001014014	0.001011982	0.001016725	0.00101686	0.00101148	0.001013459	0.001015445	0.001015167	0.00101233	0.001015362	0.001013531	0.001013531	0.00101234	0.001011542	0.001016704	0.001017294	0.001013161	0.001021524	0.001020169	0.001021461	0.001017004	0.001017501	0.001016839	0.001017563	0.001017687	0.001012136	0.001016415	0.001012945	0.001012956	0.001013284	0.001014209	0	0.001011163
Fornicata	0.001011235	0.00101053	0.001016126	0.001012494	0.001013777	0.001012863	0.001015105	0.001011961	0.001015961	0.001017988	0.001014724	0.00101527	0.001013284	0.002029777	0.001014178	0.001014014	0	0.001016725	0.00101686	0.00101148	0.001013459	0.001015445	0.001015167	0.00101233	0.001015362	0.001013531	0.001013531	0	0.001011542	0.001016704	0.001017294	0.001013161	0.001021524	0.001020169	0.001021461	0.001017004	0.001017501	0.001016839	0.001017563	0.001017687	0.001012136	0.001016415	0.001012945	0.001012956	0	0.001014209	0	0.001011163
Evosea	0.001011235	0.002021059	0.001016126	0.001012494	0.002027554	0.001012863	0.00203021	0.002023923	0.002031921	0.002035976	0.002029447	0.002030539	0.001013284	0.002029777	0.002028356	0.003042041	0.002023964	0.00203345	0.002033719	0.002022961	0.002026917	0.00203089	0.002030333	0.00101233	0.002030725	0.002027061	0.002027061	0.002024681	0.002023083	0.001016704	0.002034588	0.001013161	0.002043047	0.002040337	0.003064383	0.002034009	0.002035002	0.002033678	0.002035126	0.002035375	0.003036407	0.00203283	0.002025891	0.001012956	0.001013284	0.002028418	0.001007232	0.001011163
Methanobacteriota	0.4864039478607327	0.47292790880979807	0.5131435887535184	0.5437093736711013	0.5302054926450461	0.5479590803200648	0.46694818905311025	0.4260357424760671	0.4957888427191173	0.44486068836338083	0.42821337608702265	0.4101689408706952	0.5147483508800373	0.49120599190119046	0.4543518387050972	0.4360258776288305	0.3491337435233161	0.440241981	0.444367615	0.3823395539371871	0.4611237230419976	0.4193787507996628	0.43246096684465923	0.4201170253689943	0.3878684496431002	0.3395327623777429	0.39324988597780375	0.37051659732134734	0.3722473421742078	0.4178655306688898	0.434384537	0.4184354768442064	0.5076971795736162	0.5488507799189986	0.48723684613734564	0.5268082336669108	0.5382580382580383	0.5267225250142357	0.486395181	0.5149498280108283	0.5607230696045586	0.5082075519642222	0.5247057393488785	0.517620364	0.45293801740822176	0.444223572	0.29612618601559193	0.4732243973467077
Thermoplasmatota	0	0	0.001016126	0.001012494	0.001013777	0.001012863	0.001015105	0	0.001015961	0.001017988	0	0.00101527	0	0.001014888	0.001014178	0	0	0.001016725	0	0	0.001013459	0	0	0	0.001015362	0	0	0	0	0	0.001017294	0.001013161	0.001021524	0.001020169	0.001021461	0.001017004	0.001017501	0	0.001017563	0.001017687	0.001012136	0.001016415	0.001012945	0.001012956	0	0	0	0
Nitrososphaerota	0.039438158	0.017179005234543947	0.048774044	0.039487272948180545	0.059812856722863704	0.033424491	0.028422933	0.029346880123054503	0.045718233	0.010179878	0.022323920080366114	0.007106888	0.044584503	0.011163772543208874	0.089247683	0.017238232	0.010119818652849742	0.022367952823954044	0.020337190620487687	0.031355889	0.23309550835089987	0.015231673757857002	0.026394331309767934	0.013160292360956446	0.036553047610344516	0.009121776	0.012162368	0.090098298	0.068784835	0.052868632	0.022380467955239066	0.019250058256755256	0.015322852502221816	0.009181519	0.076609567	0.13017655194858027	0.016280016280016282	0.018303099324819005	0.05189572	0.043760559	0.005060678	0.005082076	0.003038836	0.003038867	0.014185978173859292	0.005071045	0.001007232	0.00303349
Thermoproteota	0.004044939	0.005052649	0.004064504	0.004049977	0.004055109	0.005064317	0.004060419	0.004047846	0.004063843	0.004071951	0.004058895	0.004061079	0.004053137	0.005074442	0.004056713	0.004056055	0.003035946	0.005083626	0.004067438	0.003034441	0.004053835	0.00406178	0.004060666	0.004049321	0.005076812	0.003040592	0.004054123	0.003037021	0.003034625	0.004066818	0.004069176	0.004052644	0.005107618	0.005100844	0.005107304	0.004068017	0.005087505	0.005084194	0.004070253	0.005088437	0.006072813	0.005082076	0.005064727	0.005064779	0.004053137	0.004056836	0.003021696	0.005055816
Promethearchaeota	0	0	0	0	0	0	0	0	0	0	0	0	0	0	0	0	0	0	0	0	0	0	0	0	0	0	0	0	0	0	0	0	0	0	0	0	0	0	0	0	0	0	0	0	0	0	0	0
Uroviricota	0.043483097	0.038400129	0.040645037	0.044549744	0.031427094	0.034437354	0.033498457	0.029346880123054503	0.044702273	0.042755489	0.045662563800748866	0.035534438	0.045597786987404874	0.040595537	0.04563802	0.044616601431787306	0.035419365284974094	0.037618829749377254	0.040674381240975374	0.038436251454002944	0.039524890546456935	0.038586907	0.04466733	0.034419226	0.037568410043965196	0.027365327117012114	0.041554756	0.039481277	0.028323167339341895	0.032534543	0.041709054	0.038500117	0.046990081006813574	0.032645399549085415	0.041879897	0.047799203	0.069190069	0.055926137	0.049860593849848374	0.038672121	0.062752401	0.059968491	0.061789672	0.062803254	0.047624355	0.060852544	0.040289277008924075	0.067747937
Peploviricota	0.005056174	0.004042119	0.00508063	0.005062471	0.005068886	0.005064317	0.004060419	0.004047846	0.005079804	0.004071951	0.004058895	0.004061079	0.005066421	0.005074442	0.004056713	0.004056055	0.003035946	0.004066901	0.005084298	0.004045921	0.004053835	0.00406178	0.004060666	0.004049321	0.003046087	0.003040592	0.004054123	0.003037021	0.004046167	0.004066818	0.004069176	0.004052644	0.005107618	0.005100844	0.002042922	0.005085022	0.005087505	0.005084194	0.005087816	0.005088437	0.005060678	0.005082076	0.005064727	0.005064779	0.004053137	0.004056836	0.004028928	0.004044653
Nucleocytoviricota	0.001011235	0.00101053	0.001016126	0.001012494	0.001013777	0.001012863	0.001015105	0.001011961	0.002031921	0.002035976	0.001014724	0.00101527	0.002026568	0.002029777	0.002028356	0.002028027	0.001011982	0.00203345	0.002033719	0.00101148	0.001013459	0.001015445	0.001015167	0.00101233	0.001015362	0.001013531	0.001013531	0.00101234	0.001011542	0.001016704	0.001017294	0.001013161	0.002043047	0.002040337	0.002042922	0.002034009	0.002035002	0.002033678	0.002035126	0.002035375	0.002024271	0.00203283	0.001012945	0.001012956	0.001013284	0.001014209	0.001007232	0.002022326
Preplasmiviricota	0	0	0.001016126	0.001012494	0	0	0.001015105	0.001011961	0	0.001017988	0	0	0	0	0	0	0	0	0.00101686	0.00101148	0	0.001015445	0	0	0.001015362	0	0.001013531	0.00101234	0	0	0	0	0.001021524	0	0.003064383	0	0.001017501	0	0	0.001017687	0.001012136	0.001016415	0.001012945	0.001012956	0.001013284	0.002028418	0	0.001011163
Negarnaviricota	0	0	0	0	0	0	0	0	0	0	0	0	0	0	0	0	0	0	0	0	0	0	0	0	0	0	0	0	0	0	0	0	0	0	0	0	0	0	0	0	0	0	0	0	0	0	0	0
Pisuviricota	0	0	0	0	0	0	0	0	0	0	0	0	0	0	0	0	0	0	0	0	0	0	0	0	0	0	0	0	0	0	0	0	0	0	0	0	0	0	0	0	0	0	0	0	0	0	0	0
Lenarviricota	0	0	0	0	0	0	0	0	0	0	0	0	0	0	0	0	0	0	0	0	0	0	0	0	0	0	0	0	0	0	0	0	0	0	0	0	0	0	0	0	0	0	0	0	0	0	0	0
Kitrinoviricota	0	0	0	0	0	0	0	0	0	0	0	0	0	0	0	0	0	0	0	0	0	0	0	0	0	0	0	0	0	0	0	0	0	0	0	0	0	0	0	0	0	0	0	0	0	0	0	0
Dividoviricota	0	0	0	0	0	0	0	0	0	0	0	0	0	0	0	0	0	0	0	0	0	0	0	0	0	0	0	0	0	0	0	0	0	0	0	0	0	0	0	0	0	0	0	0	0	0	0	0
Candidatus Cloacimonadota	0	0	0	0	0	0	0	0	0	0	0	0	0	0	0	0	0	0	0	0	0	0	0	0	0	0	0	0	0	0	0	0	0	0	0	0	0	0	0	0	0	0	0	0	0	0	0	0
Candidatus Nanohalarchaeota	0	0	0	0	0	0	0	0	0	0	0	0	0	0	0	0	0	0	0	0	0	0	0	0	0	0	0	0	0	0	0	0	0	0	0	0	0	0	0	0	0	0	0	0	0	0	0	0
Cossaviricota	0	0	0	0	0	0	0	0	0	0	0	0	0	0	0	0	0	0	0	0	0	0	0	0	0	0	0	0	0	0	0	0	0	0	0	0	0	0	0	0	0	0	0	0	0	0	0	0
Duplornaviricota	0	0	0	0	0	0	0	0	0	0	0	0	0	0	0	0	0	0	0	0	0	0	0	0	0	0	0	0	0	0	0	0	0	0	0	0	0	0	0	0	0	0	0	0	0	0	0	0
Cressdnaviricota	0	0	0	0	0	0	0	0	0	0	0	0	0	0	0	0	0	0	0	0	0	0	0	0	0	0	0	0	0	0	0	0	0	0	0	0	0	0	0	0	0	0	0	0	0	0	0	0
Nanobdellota	0	0	0	0	0	0	0	0	0	0	0	0	0	0	0	0	0	0	0	0	0	0	0	0	0	0	0	0	0	0	0	0	0	0	0	0	0	0	0	0	0	0	0	0	0	0	0	0
Microcaldota	0	0	0	0	0	0	0	0	0	0	0	0	0	0	0	0	0	0	0	0	0	0	0	0	0	0	0	0	0	0	0	0	0	0	0	0	0	0	0	0	0	0	0	0	0	0	0	0
Artverviricota	0	0	0	0	0	0	0	0	0	0	0	0	0	0	0	0	0	0	0	0	0	0	0	0	0	0	0	0	0	0	0	0	0	0	0	0	0	0	0	0	0	0	0	0	0	0	0	0
