name	E1	E2	E3	E4	E5	E6	E7	E8	H10	H11	H12	H5	H6	H7	H8	H9	K1	K10	K11	K12	K13	K14	K15	K16	K2	K3	K4	K5	K6	K7	K8	K9	R1	R2	R3	R4	R5	R6	R7	R8	W1	W2	W3	W4	W5	W6	W7	W8
Pseudomonadota	47.424	45.055	45.385999999999996	60.455000000000005	54.989	49.712	42.693	56.565	72.47	70.306	58.199	49.983	44.676	41.606	41.408	73.559	31.175000000000004	38.401999999999994	43.555	31.095	34.426	33.44	34.23	32.172	37.697	37.779	42.759	31.959	32.845	34.115	34.593	33.414	32.869	36.586	30.855	37.257	41.399	33.519	33.072	38.705	50.629000000000005	55.516	49.852000000000004	54.702	45.637	49.944	72.744	61.73499999999999
Actinomycetota	38.61	38.403	37.824000000000005	26.88	29.396	33.687	40.099000000000004	24.88	18.475	19.709	26.826	35.853	41.588	44.044	45.645	16.220000000000002	56.932	51.668000000000006	44.524	60.058	54.809	55.663	54.787	56.774	50.592000000000006	52.186	46.349000000000004	58.751	53.86300000000001	53.492	47.696	57.346	45.226	48.112	47.866	42.766	45.199	49.25	50.296	40.399	31.807000000000002	28.398	33.838	31.284	37.289	38.074000000000005	18.169	25.276
Chordata	3.3419999999999996	4.314	4.848	3.418	5.115	5.357	5.345	7.736999999999999	2.299	3.211	2.996	2.573	3.4419999999999997	3.286	3.486	3.005	1.711	2.878	2.551	1.628	1.8870000000000002	2.157	1.4749999999999999	2.937	2.242	2.059	2.0469999999999997	1.997	2.53	2.08	2.3810000000000002	2.161	4.951	4.463	3.923	4.1419999999999995	2.886	3.846	4.034	6.639	3.2689999999999997	2.614	3.8699999999999997	2.385	4.34	2.088	2.26	2.5340000000000003
Mucoromycota	0.516	0.372	0.154	0.404	0.3	0.8789999999999999	0.844	1.944	1.5610000000000002	1.217	2.688	2.661	2.27	2.467	1.9009999999999998	1.7399999999999998	2.986	1.636	2.3970000000000002	0.91	2.3720000000000003	2.931	3.5020000000000002	2.3970000000000002	2.5989999999999998	2.033	1.8929999999999998	1.2919999999999998	4.178	4.558	9.885	2.582	7.430000000000001	2.012	8.831999999999999	6.129	3.045	5.253	5.018000000000001	6.109	2.558	1.5650000000000002	1.257	0.361	2.279	0.679	1.406	0.886
Bacteroidota	3.701	4.3229999999999995	4.0969999999999995	2.922	3.9379999999999997	4.0840000000000005	4.289	3.743	1.443	1.8010000000000002	3.617	2.759	2.351	2.861	2.965	2.13	1.822	1.392	2.318	2.2689999999999997	2.31	2.085	1.7340000000000002	2.383	2.328	2.171	2.2079999999999997	1.944	2.221	1.9709999999999999	1.851	1.786	3.3300000000000005	1.478	2.677	3.467	2.306	3.1109999999999998	2.605	2.432	2.472	2.686	1.8079999999999998	2.329	3.519	2.4699999999999998	1.312	2.017
Myxococcota	1.585	1.365	1.918	1.539	1.6420000000000001	1.574	1.652	0.799	0.9159999999999999	0.784	1.233	1.384	1.246	1.2149999999999999	1.316	0.7060000000000001	0.962	0.359	0.763	0.9039999999999999	0.836	0.72	0.9289999999999999	0.609	0.698	0.5660000000000001	1.012	0.719	0.8089999999999999	0.853	0.6819999999999999	0.5	1.229	1.572	1.424	1.373	1.226	0.9740000000000001	1.166	0.941	2.204	2.284	2.046	2.1399999999999997	1.176	1.2850000000000001	0.985	1.8290000000000002
Ascomycota	0.8500000000000001	1.7680000000000002	2.008	0.968	0.931	0.936	1.099	0.955	0.776	0.377	1.5270000000000001	1.2309999999999999	1.115	1.15	0.807	0.567	1.9	1.417	0.873	0.8130000000000001	0.9950000000000001	0.8250000000000001	1.117	0.603	1.279	1.392	0.932	1.046	0.8999999999999999	0.752	0.761	0.609	1.489	1.55	1.024	1.311	0.903	1.0410000000000001	0.6	1.431	1.0170000000000001	1.53	1.126	1.1900000000000002	1.3599999999999999	1.038	0.628	0.823
Bacillota	0.719	0.955	0.96	0.766	0.8200000000000001	0.928	0.8109999999999999	1.1280000000000001	0.505	0.5890000000000001	0.623	0.776	0.731	0.72	0.584	0.5599999999999999	0.5499999999999999	0.432	0.588	0.459	0.48	0.529	0.404	0.496	0.559	0.40499999999999997	0.515	0.575	0.5930000000000001	0.484	0.469	0.325	0.924	0.909	0.7979999999999999	0.9450000000000001	0.6649999999999999	0.76	0.739	1.121	1.053	1.035	1.325	0.9650000000000001	1.2	1.019	0.584	0.9860000000000001
Planctomycetota	0.8710000000000001	0.676	0.6930000000000001	0.632	0.582	0.694	0.814	0.29	0.466	0.516	0.641	0.765	0.812	0.8250000000000001	0.5309999999999999	0.388	0.656	0.47200000000000003	0.6479999999999999	0.519	0.562	0.464	0.585	0.439	0.544	0.47600000000000003	0.762	0.5599999999999999	0.7040000000000001	0.518	0.543	0.317	0.634	0.95	0.6930000000000001	0.664	0.72	0.592	0.599	0.534	1.696	1.277	1.587	1.233	1.0699999999999998	1.313	0.515	1.191
Acidobacteriota	0.27899999999999997	0.348	0.22399999999999998	0.231	0.264	0.23500000000000001	0.384	0.136	0.13999999999999999	0.31	0.19499999999999998	0.549	0.298	0.393	0.13899999999999998	0.17099999999999999	0.207	0.45599999999999996	0.58	0.159	0.16999999999999998	0.134	0.18	0.126	0.33899999999999997	0.13899999999999998	0.315	0.22499999999999998	0.159	0.159	0.157	0.166	0.174	0.482	0.266	0.232	0.209	0.212	0.253	0.199	0.637	0.721	0.7979999999999999	0.954	0.38899999999999996	0.382	0.253	0.5499999999999999
Verrucomicrobiota	0.44400000000000006	0.375	0.386	0.441	0.5	0.373	0.441	0.35100000000000003	0.181	0.153	0.394	0.32	0.27399999999999997	0.231	0.2	0.161	0.196	0.077	0.194	0.191	0.22399999999999998	0.17500000000000002	0.22300000000000003	0.145	0.215	0.11800000000000001	0.183	0.149	0.217	0.16999999999999998	0.16199999999999998	0.099	0.22	0.213	0.255	0.299	0.212	0.197	0.244	0.164	0.864	0.749	0.584	0.697	0.297	0.33899999999999997	0.28300000000000003	0.622
Methanobacteriota	0.28300000000000003	0.262	0.29	0.25	0.256	0.269	0.267	0.186	0.156	0.17600000000000002	0.213	0.268	0.265	0.268	0.214	0.14200000000000002	0.23900000000000002	0.16999999999999998	0.213	0.217	0.215	0.21	0.219	0.189	0.22599999999999998	0.17099999999999999	0.22999999999999998	0.209	0.23900000000000002	0.207	0.196	0.16199999999999998	0.257	0.35200000000000004	0.272	0.268	0.251	0.231	0.255	0.242	0.398	0.35100000000000003	0.393	0.35200000000000004	0.28800000000000003	0.35200000000000004	0.184	0.315
Thermodesulfobacteriota	0.179	0.17500000000000002	0.168	0.158	0.159	0.161	0.17600000000000002	0.086	0.092	0.08800000000000001	0.135	0.163	0.154	0.149	0.108	0.077	0.116	0.06	0.11199999999999999	0.117	0.1	0.10200000000000001	0.11299999999999999	0.092	0.094	0.077	0.125	0.089	0.105	0.101	0.093	0.068	0.168	0.212	0.17099999999999999	0.187	0.13799999999999998	0.129	0.17099999999999999	0.14100000000000001	0.338	0.291	0.366	0.45799999999999996	0.202	0.216	0.11399999999999999	0.376
Basidiomycota	0.07200000000000001	0.093	0.108	0.098	0.07200000000000001	0.086	0.11199999999999999	0.125	0.04	0.22499999999999998	0.075	0.079	0.08	0.13	0.095	0.044000000000000004	0.052	0.131	0.124	0.13799999999999998	0.116	0.055999999999999994	0.045	0.11	0.06	0.049	0.169	0.054	0.059000000000000004	0.062	0.055	0.09	0.298	0.179	0.188	0.23700000000000002	0.182	0.189	0.22	0.136	0.079	0.095	0.096	0.079	0.076	0.052	0.05	0.058
Cyanobacteriota	0.11100000000000002	0.11399999999999999	0.17099999999999999	0.127	0.131	0.13799999999999998	0.124	0.165	0.074	0.082	0.097	0.098	0.10200000000000001	0.09	0.08099999999999999	0.076	0.07100000000000001	0.059000000000000004	0.08499999999999999	0.109	0.07100000000000001	0.06899999999999999	0.068	0.087	0.06899999999999999	0.055	0.073	0.058	0.075	0.065	0.065	0.055999999999999994	0.11499999999999999	0.20400000000000001	0.109	0.11399999999999999	0.097	0.099	0.101	0.12	0.167	0.146	0.209	0.154	0.153	0.122	0.089	0.13699999999999998
Uroviricota	0.43499999999999994	0.787	0.13899999999999998	0.129	0.27499999999999997	0.22499999999999998	0.214	0.165	0.039	0.054	0.058	0.046	0.066	0.054	0.083	0.065	0.066	0.065	0.052	0.041	0.051000000000000004	0.054	0.048	0.082	0.076	0.039	0.045	0.044000000000000004	0.08800000000000001	0.052	0.046	0.033	0.1	0.054	0.061	0.041	0.08	0.117	0.124	0.074	0.048	0.054	0.053	0.04	0.056999999999999995	0.038	0.023	0.029
Deinococcota	0.084	0.083	0.123	0.078	0.083	0.1	0.08499999999999999	0.063	0.045	0.047	0.065	0.074	0.074	0.073	0.058	0.041	0.064	0.042	0.058	0.06	0.055	0.059000000000000004	0.056999999999999995	0.049	0.055	0.043	0.065	0.054	0.061	0.054	0.051000000000000004	0.041	0.07100000000000001	0.097	0.077	0.077	0.068	0.064	0.06999999999999999	0.064	0.12	0.105	0.117	0.11199999999999999	0.078	0.1	0.052	0.096
Gemmatimonadota	0.089	0.077	0.082	0.076	0.078	0.077	0.075	0.036000000000000004	0.042	0.037	0.064	0.063	0.07100000000000001	0.074	0.052	0.034999999999999996	0.06	0.031	0.049	0.059000000000000004	0.047	0.062	0.064	0.045	0.054	0.037	0.07200000000000001	0.058	0.074	0.051000000000000004	0.054	0.037	0.055999999999999994	0.091	0.06899999999999999	0.061	0.07100000000000001	0.053	0.054	0.048	0.13	0.095	0.107	0.10300000000000001	0.078	0.11800000000000001	0.045	0.094
Apicomplexa	0.047	0.058	0.056999999999999995	0.048	0.06	0.06899999999999999	0.066	0.116	0.039	0.053	0.046	0.039	0.055999999999999994	0.042	0.054	0.052	0.024	0.048	0.042	0.027	0.031	0.032	0.021	0.039	0.039	0.026	0.027999999999999997	0.024	0.037	0.027999999999999997	0.036000000000000004	0.031	0.064	0.056999999999999995	0.051000000000000004	0.052	0.036000000000000004	0.041	0.044000000000000004	0.084	0.039	0.036000000000000004	0.049	0.027999999999999997	0.06999999999999999	0.023	0.039	0.036000000000000004
Campylobacterota	0.034999999999999996	0.034999999999999996	0.038	0.037	0.043	0.047	0.045	0.092	0.033	0.036000000000000004	0.034	0.033	0.032	0.03	0.029	0.037	0.019	0.026	0.032	0.023	0.025	0.023	0.017	0.024	0.023	0.02	0.02	0.018000000000000002	0.022000000000000002	0.021	0.024	0.019	0.05	0.045	0.043	0.04	0.033	0.041	0.04	0.056999999999999995	0.039	0.032	0.048	0.034	0.054	0.024	0.029	0.034999999999999996
Chloroflexota	0.034999999999999996	0.037	0.034	0.034999999999999996	0.031	0.033	0.033	0.018000000000000002	0.021	0.017	0.027999999999999997	0.029	0.031	0.032	0.022000000000000002	0.017	0.024	0.015	0.024	0.023	0.021	0.022000000000000002	0.022000000000000002	0.021	0.022000000000000002	0.015	0.026	0.019	0.021	0.02	0.02	0.016	0.037	0.041	0.038	0.037	0.034999999999999996	0.031	0.029	0.026	0.06899999999999999	0.066	0.08499999999999999	0.067	0.049	0.059000000000000004	0.048	0.06999999999999999
Mycoplasmatota	0.027999999999999997	0.03	0.025	0.031	0.032	0.042	0.037	0.083	0.025	0.032	0.024	0.03	0.03	0.025	0.024	0.034999999999999996	0.012	0.02	0.027	0.015	0.018000000000000002	0.018000000000000002	0.01	0.024	0.019	0.013	0.012	0.012	0.026	0.022000000000000002	0.019	0.017	0.043	0.045	0.036000000000000004	0.029	0.029	0.037	0.024	0.06	0.029	0.021	0.034999999999999996	0.02	0.052	0.013999999999999999	0.021	0.025
Spirochaetota	0.037	0.048	0.04	0.053	0.044000000000000004	0.047	0.029	0.046	0.018000000000000002	0.02	0.023	0.026	0.023	0.036000000000000004	0.017	0.02	0.016	0.013999999999999999	0.022000000000000002	0.02	0.017	0.018000000000000002	0.015	0.019	0.017	0.013	0.019	0.015	0.017	0.015	0.018000000000000002	0.013	0.03	0.033	0.046	0.034999999999999996	0.03	0.027999999999999997	0.027999999999999997	0.034	0.043	0.032	0.042	0.041	0.036000000000000004	0.027999999999999997	0.018000000000000002	0.033
Rhodothermota	0.03	0.029	0.029	0.027999999999999997	0.027	0.027999999999999997	0.029	0.015	0.017	0.016	0.022000000000000002	0.026	0.027999999999999997	0.027	0.021	0.015	0.022000000000000002	0.013	0.022000000000000002	0.023	0.021	0.021	0.022000000000000002	0.018000000000000002	0.019	0.015	0.022000000000000002	0.019	0.022000000000000002	0.021	0.018000000000000002	0.015	0.026	0.034	0.03	0.027	0.025	0.024	0.023	0.022000000000000002	0.048	0.041	0.045	0.042	0.031	0.04	0.02	0.038
Euglenozoa	0.019	0.024	0.027999999999999997	0.021	0.024	0.023	0.025	0.033	0.012	0.015	0.02	0.019	0.022000000000000002	0.022000000000000002	0.021	0.013	0.016	0.015	0.013999999999999999	0.013	0.013	0.015	0.013	0.013	0.015	0.013	0.018000000000000002	0.013999999999999999	0.017	0.016	0.015	0.011000000000000001	0.026	0.032	0.023	0.025	0.017	0.016	0.025	0.034	0.025	0.024	0.027	0.021	0.021	0.018000000000000002	0.012	0.018000000000000002
Fusobacteriota	0.01	0.022000000000000002	0.012	0.026	0.029	0.029	0.029	0.053	0.022000000000000002	0.027	0.021	0.024	0.01	0.009000000000000001	0.011000000000000001	0.026	0.006999999999999999	0.015	0.025	0.018000000000000002	0.019	0.017	0.006999999999999999	0.012	0.016	0.012	0.006	0.006	0.006999999999999999	0.016	0.016	0.013	0.03	0.027	0.027	0.026	0.012	0.024	0.022000000000000002	0.032	0.011000000000000001	0.008	0.018000000000000002	0.009000000000000001	0.037	0.008	0.019	0.013
Bdellovibrionota	0.018000000000000002	0.022000000000000002	0.021	0.015	0.027	0.022000000000000002	0.02	0.019	0.011000000000000001	0.011000000000000001	0.027999999999999997	0.019	0.017	0.015	0.015	0.011000000000000001	0.012	0.008	0.011000000000000001	0.01	0.013999999999999999	0.011000000000000001	0.012	0.009000000000000001	0.017	0.013	0.01	0.012	0.015	0.01	0.01	0.008	0.013999999999999999	0.013999999999999999	0.012	0.018000000000000002	0.013999999999999999	0.011000000000000001	0.013	0.011000000000000001	0.017	0.018000000000000002	0.013999999999999999	0.017	0.017	0.017	0.008	0.016
Armatimonadota	0.011000000000000001	0.011000000000000001	0.011000000000000001	0.009000000000000001	0.011000000000000001	0.01	0.016	0.006999999999999999	0.006999999999999999	0.008	0.013	0.01	0.013	0.015	0.013	0.006999999999999999	0.006	0.003	0.01	0.006	0.009000000000000001	0.006	0.006	0.005	0.005	0.004	0.006	0.005	0.006	0.006	0.005	0.004	0.013999999999999999	0.013999999999999999	0.008	0.022000000000000002	0.009000000000000001	0.011000000000000001	0.021	0.012	0.021	0.053	0.022000000000000002	0.026	0.009000000000000001	0.011000000000000001	0.011000000000000001	0.019
Nitrospirota	0.013	0.013	0.011000000000000001	0.013999999999999999	0.013	0.012	0.01	0.008	0.008	0.006999999999999999	0.01	0.011000000000000001	0.011000000000000001	0.011000000000000001	0.006999999999999999	0.006999999999999999	0.006999999999999999	0.004	0.01	0.008	0.006999999999999999	0.006999999999999999	0.006999999999999999	0.006999999999999999	0.006	0.005	0.009000000000000001	0.006	0.006999999999999999	0.008	0.006999999999999999	0.005	0.01	0.016	0.011000000000000001	0.012	0.01	0.009000000000000001	0.01	0.008	0.022000000000000002	0.019	0.022000000000000002	0.022000000000000002	0.012	0.015	0.009000000000000001	0.019
Chlorobiota	0.01	0.009000000000000001	0.009000000000000001	0.008	0.008	0.006999999999999999	0.01	0.005	0.005	0.005	0.006999999999999999	0.008	0.006999999999999999	0.006999999999999999	0.005	0.005	0.005	0.002	0.006	0.005	0.005	0.004	0.005	0.005	0.005	0.003	0.005	0.004	0.005	0.005	0.004	0.003	0.006999999999999999	0.009000000000000001	0.008	0.008	0.006	0.005	0.006999999999999999	0.006	0.013999999999999999	0.013999999999999999	0.013	0.013999999999999999	0.006999999999999999	0.01	0.006	0.013
Candidatus Saccharimonadota	0.008	0.006	0.008	0.003	0.006999999999999999	0.005	0.018000000000000002	0.005	0.003	0.002	0.004	0.005	0.006999999999999999	0.006999999999999999	0.008	0.002	0.008	0.006	0.004	0.01	0.016	0.013	0.006999999999999999	0.01	0.009000000000000001	0.006	0.004	0.013	0.008	0.012	0.01	0.008	0.005	0.006	0.004	0.003	0.006999999999999999	0.004	0.004	0.004	0.004	0.004	0.004	0.003	0.004	0.002	0.002	0.003
Thermotogota	0.015	0.003	0.004	0.004	0.005	0.005	0.004	0.009000000000000001	0.003	0.003	0.003	0.003	0.013	0.012	0.003	0.003	0.002	0.002	0.003	0.002	0.003	0.002	0.01	0.004	0.003	0.002	0.009000000000000001	0.002	0.002	0.002	0.002	0.001	0.005	0.005	0.005	0.004	0.013999999999999999	0.004	0.003	0.005	0.021	0.019	0.02	0.018000000000000002	0.005	0.013	0.003	0.017
Kiritimatiellota	0.006999999999999999	0.006999999999999999	0.006	0.006999999999999999	0.006	0.004	0.009000000000000001	0.002	0.004	0.003	0.006	0.006999999999999999	0.006999999999999999	0.006	0.005	0.004	0.005	0.002	0.005	0.004	0.004	0.005	0.004	0.004	0.003	0.002	0.006	0.003	0.005	0.004	0.005	0.003	0.004	0.008	0.006999999999999999	0.006	0.006999999999999999	0.005	0.004	0.005	0.016	0.013	0.013	0.012	0.008	0.011000000000000001	0.005	0.012
Chlamydiota	0.006	0.01	0.006999999999999999	0.009000000000000001	0.01	0.012	0.006	0.012	0.003	0.004	0.005	0.005	0.008	0.005	0.006999999999999999	0.008	0.005	0.006	0.005	0.003	0.004	0.005	0.002	0.005	0.006	0.003	0.003	0.003	0.006999999999999999	0.004	0.004	0.003	0.006	0.006999999999999999	0.006999999999999999	0.005	0.003	0.005	0.005	0.008	0.006999999999999999	0.009000000000000001	0.01	0.006	0.009000000000000001	0.006	0.004	0.006
Synergistota	0.008	0.008	0.006999999999999999	0.006999999999999999	0.006999999999999999	0.006	0.006	0.004	0.004	0.004	0.006	0.006	0.006	0.006	0.005	0.003	0.005	0.003	0.005	0.005	0.004	0.004	0.005	0.004	0.004	0.003	0.005	0.004	0.006	0.004	0.004	0.003	0.006	0.009000000000000001	0.006999999999999999	0.006999999999999999	0.005	0.005	0.006	0.005	0.011000000000000001	0.01	0.011000000000000001	0.01	0.006	0.009000000000000001	0.004	0.009000000000000001
Thermoproteota	0.005	0.004	0.008	0.006	0.006	0.008	0.006	0.011000000000000001	0.004	0.005	0.005	0.004	0.005	0.004	0.005	0.005	0.004	0.003	0.004	0.003	0.004	0.004	0.003	0.003	0.005	0.003	0.003	0.003	0.004	0.003	0.004	0.004	0.008	0.006999999999999999	0.006999999999999999	0.005	0.005	0.005	0.006	0.008	0.006	0.006	0.008	0.005	0.008	0.004	0.004	0.005
Thermomicrobiota	0.006999999999999999	0.005	0.005	0.006	0.005	0.005	0.005	0.002	0.003	0.003	0.004	0.005	0.005	0.005	0.004	0.002	0.005	0.004	0.004	0.005	0.004	0.004	0.005	0.004	0.004	0.003	0.005	0.005	0.004	0.004	0.004	0.003	0.003	0.008	0.006	0.006	0.005	0.004	0.005	0.004	0.011000000000000001	0.006999999999999999	0.01	0.008	0.006999999999999999	0.01	0.003	0.008
Oomycota	0.005	0.016	0.009000000000000001	0.006	0.016	0.009000000000000001	0.013999999999999999	0.015	0.003	0.003	0.005	0.003	0.006	0.005	0.006	0.004	0.002	0.013999999999999999	0.002	0.003	0.002	0.002	0.002	0.002	0.005	0.003	0.002	0.002	0.004	0.002	0.003	0.003	0.005	0.005	0.003	0.005	0.004	0.003	0.004	0.005	0.004	0.004	0.004	0.003	0.005	0.002	0.003	0.004
Evosea	0.004	0.005	0.005	0.006	0.008	0.005	0.005	0.013	0.004	0.005	0.005	0.004	0.008	0.006	0.004	0.005	0.002	0.003	0.004	0.003	0.003	0.002	0.002	0.003	0.003	0.003	0.003	0.002	0.004	0.002	0.003	0.003	0.006999999999999999	0.006	0.005	0.006	0.003	0.004	0.005	0.008	0.004	0.003	0.006	0.003	0.008	0.003	0.004	0.004
Nucleocytoviricota	0.004	0.008	0.006	0.005	0.004	0.006	0.009000000000000001	0.013	0.004	0.005	0.004	0.003	0.004	0.003	0.006	0.005	0.002	0.003	0.004	0.002	0.003	0.003	0.002	0.003	0.003	0.002	0.002	0.002	0.003	0.003	0.004	0.002	0.005	0.006999999999999999	0.005	0.004	0.003	0.005	0.004	0.008	0.004	0.003	0.005	0.003	0.006999999999999999	0.002	0.003	0.003
Parabasalia	0.003	0.003	0.005	0.004	0.006	0.006	0.005	0.017	0.004	0.005	0.003	0.003	0.005	0.003	0.003	0.005	0.002	0.004	0.005	0.002	0.003	0.003	0.002	0.003	0.003	0.002	0.002	0.002	0.003	0.003	0.003	0.002	0.008	0.006	0.004	0.004	0.004	0.006	0.006	0.01	0.004	0.003	0.005	0.002	0.008	0.002	0.003	0.003
Bacillariophyta	0.003	0.004	0.005	0.004	0.006999999999999999	0.005	0.006	0.006	0.002	0.002	0.003	0.003	0.004	0.002	0.003	0.002	0.002	0.002	0.002	0.002	0.002	0.002	0.001	0.002	0.002	0.002	0.002	0.002	0.003	0.002	0.002	0.002	0.006999999999999999	0.006	0.005	0.006	0.003	0.003	0.006	0.009000000000000001	0.003	0.003	0.006	0.003	0.005	0.002	0.002	0.003
Nitrososphaerota	0.006999999999999999	0.003	0.003	0.004	0.004	0.004	0.004	0.005	0.003	0.003	0.003	0.002	0.003	0.002	0.003	0.002	0.002	0.002	0.002	0.001	0.002	0.008	0.001	0.002	0.002	0.002	0.001	0.006999999999999999	0.005	0.003	0.002	0.001	0.006	0.003	0.008	0.006999999999999999	0.002	0.003	0.005	0.006	0.003	0.002	0.003	0.003	0.005	0.003	0.002	0.002
Vulcanimicrobiota	0.004	0.003	0.003	0.004	0.003	0.003	0.003	0.001	0.002	0.002	0.003	0.004	0.003	0.004	0.002	0.002	0.003	0.002	0.003	0.003	0.003	0.002	0.003	0.002	0.002	0.002	0.003	0.002	0.002	0.003	0.003	0.002	0.003	0.004	0.004	0.003	0.004	0.003	0.004	0.003	0.006999999999999999	0.006	0.006	0.006999999999999999	0.005	0.006	0.003	0.005
Preplasmiviricota	0.005	0.012	0.004	0.005	0.005	0.005	0.009000000000000001	0.004	0.0	0.003	0.004	0.002	0.001	0.003	0.004	0.003	0.002	0.0	0.003	0.003	0.002	0.002	0.002	0.002	0.003	0.003	0.003	0.003	0.004	0.003	0.003	0.002	0.0	0.003	0.003	0.0	0.002	0.0	0.002	0.0	0.004	0.001	0.0	0.004	0.0	0.003	0.0	0.003
Microsporidia	0.001	0.002	0.002	0.002	0.002	0.002	0.002	0.004	0.001	0.002	0.001	0.001	0.002	0.002	0.001	0.003	0.001	0.001	0.001	0.001	0.001	0.001	0.0	0.001	0.001	0.001	0.001	0.001	0.001	0.001	0.001	0.001	0.003	0.002	0.002	0.003	0.001	0.002	0.002	0.004	0.001	0.001	0.002	0.001	0.002	0.0	0.002	0.001
Balneolota	0.002	0.002	0.002	0.002	0.002	0.002	0.002	0.001	0.001	0.001	0.002	0.001	0.001	0.001	0.001	0.001	0.001	0.001	0.001	0.001	0.001	0.001	0.001	0.001	0.001	0.001	0.001	0.001	0.001	0.001	0.001	0.001	0.002	0.002	0.002	0.002	0.001	0.002	0.001	0.002	0.003	0.002	0.002	0.003	0.002	0.002	0.001	0.002
Peploviricota	0.002	0.002	0.002	0.002	0.001	0.002	0.002	0.002	0.001	0.001	0.001	0.001	0.002	0.001	0.001	0.001	0.001	0.001	0.001	0.001	0.001	0.001	0.001	0.001	0.001	0.001	0.001	0.001	0.001	0.001	0.001	0.001	0.001	0.002	0.002	0.001	0.001	0.001	0.001	0.002	0.002	0.006	0.002	0.002	0.002	0.001	0.001	0.002
Fornicata	0.001	0.002	0.001	0.001	0.002	0.001	0.001	0.004	0.001	0.002	0.001	0.001	0.002	0.001	0.003	0.002	0.001	0.001	0.001	0.001	0.001	0.001	0.001	0.001	0.001	0.001	0.001	0.001	0.001	0.001	0.001	0.001	0.003	0.003	0.001	0.002	0.001	0.001	0.001	0.003	0.001	0.001	0.003	0.001	0.002	0.001	0.001	0.001
Nitrospinota	0.002	0.002	0.002	0.002	0.001	0.001	0.002	0.0	0.001	0.001	0.001	0.002	0.001	0.001	0.001	0.001	0.001	0.0	0.001	0.001	0.001	0.001	0.001	0.001	0.001	0.001	0.001	0.001	0.0	0.001	0.001	0.001	0.001	0.002	0.002	0.002	0.001	0.001	0.001	0.001	0.003	0.003	0.002	0.003	0.001	0.002	0.001	0.003
Aquificota	0.001	0.001	0.002	0.001	0.001	0.001	0.002	0.003	0.001	0.001	0.001	0.002	0.001	0.001	0.001	0.001	0.001	0.001	0.001	0.001	0.001	0.001	0.001	0.001	0.001	0.001	0.001	0.0	0.001	0.001	0.001	0.001	0.001	0.002	0.001	0.001	0.001	0.001	0.001	0.001	0.002	0.002	0.003	0.002	0.002	0.001	0.001	0.002
Deferribacterota	0.001	0.001	0.001	0.002	0.001	0.002	0.001	0.002	0.001	0.001	0.001	0.001	0.001	0.002	0.001	0.001	0.001	0.001	0.001	0.001	0.001	0.001	0.001	0.001	0.001	0.001	0.001	0.001	0.001	0.001	0.001	0.0	0.001	0.002	0.001	0.001	0.001	0.001	0.001	0.002	0.002	0.002	0.002	0.002	0.002	0.001	0.001	0.002
Thermoplasmatota	0.001	0.001	0.001	0.001	0.001	0.001	0.001	0.002	0.001	0.001	0.001	0.001	0.001	0.001	0.001	0.001	0.001	0.001	0.001	0.0	0.001	0.001	0.0	0.001	0.001	0.001	0.001	0.0	0.001	0.0	0.001	0.001	0.001	0.001	0.001	0.001	0.001	0.001	0.001	0.002	0.001	0.001	0.001	0.001	0.001	0.001	0.001	0.001
Ignavibacteriota	0.001	0.001	0.001	0.001	0.001	0.002	0.002	0.002	0.001	0.0	0.001	0.001	0.001	0.001	0.001	0.001	0.001	0.0	0.001	0.001	0.0	0.001	0.001	0.001	0.001	0.001	0.0	0.0	0.001	0.001	0.0	0.0	0.002	0.001	0.001	0.001	0.001	0.001	0.001	0.001	0.001	0.001	0.001	0.001	0.001	0.001	0.001	0.001
Chrysiogenota	0.001	0.001	0.001	0.001	0.001	0.001	0.002	0.0	0.001	0.0	0.001	0.001	0.001	0.001	0.0	0.001	0.001	0.0	0.001	0.001	0.0	0.0	0.001	0.001	0.0	0.0	0.001	0.0	0.001	0.001	0.0	0.0	0.001	0.002	0.001	0.001	0.001	0.001	0.001	0.001	0.002	0.002	0.002	0.002	0.0	0.001	0.0	0.002
Elusimicrobiota	0.001	0.001	0.001	0.001	0.001	0.001	0.001	0.001	0.0	0.001	0.0	0.001	0.001	0.001	0.0	0.0	0.001	0.0	0.0	0.0	0.0	0.0	0.0	0.0	0.002	0.0	0.0	0.001	0.001	0.001	0.0	0.0	0.001	0.001	0.001	0.001	0.001	0.001	0.001	0.001	0.001	0.001	0.001	0.001	0.001	0.001	0.001	0.001
Artverviricota	0.0	0.0	0.0	0.0	0.0	0.0	0.0	0.001	0.002	0.0	0.0	0.001	0.0	0.0	0.0	0.0	0.0	0.002	0.0	0.0	0.0	0.0	0.0	0.0	0.0	0.0	0.0	0.0	0.0	0.0	0.0	0.0	0.005	0.002	0.0	0.004	0.0	0.0	0.004	0.004	0.0	0.0	0.005	0.0	0.0	0.0	0.001	0.001
Atribacterota	0.001	0.0	0.001	0.001	0.001	0.001	0.0	0.002	0.0	0.001	0.001	0.001	0.001	0.0	0.001	0.0	0.0	0.0	0.001	0.0	0.0	0.001	0.0	0.0	0.0	0.0	0.0	0.0	0.0	0.0	0.0	0.0	0.001	0.001	0.001	0.001	0.001	0.0	0.0	0.001	0.001	0.001	0.001	0.001	0.001	0.001	0.001	0.001
Candidatus Bipolaricaulota	0.001	0.001	0.001	0.001	0.0	0.001	0.001	0.001	0.0	0.0	0.0	0.001	0.001	0.0	0.0	0.0	0.0	0.0	0.001	0.0	0.0	0.0	0.0	0.001	0.001	0.0	0.0	0.001	0.001	0.0	0.0	0.0	0.0	0.001	0.0	0.001	0.001	0.001	0.0	0.0	0.001	0.001	0.002	0.001	0.0	0.002	0.001	0.001
Calditrichota	0.001	0.001	0.001	0.001	0.0	0.001	0.0	0.0	0.0	0.0	0.001	0.001	0.0	0.001	0.0	0.0	0.0	0.0	0.0	0.0	0.0	0.0	0.0	0.0	0.0	0.0	0.0	0.0	0.0	0.0	0.0	0.0	0.001	0.001	0.001	0.0	0.001	0.001	0.0	0.0	0.001	0.001	0.001	0.001	0.001	0.001	0.0	0.001
Fibrobacterota	0.001	0.0	0.0	0.0	0.0	0.001	0.001	0.0	0.0	0.001	0.001	0.001	0.0	0.001	0.0	0.0	0.0	0.0	0.0	0.0	0.0	0.0	0.0	0.0	0.0	0.0	0.0	0.0	0.001	0.0	0.0	0.0	0.0	0.001	0.001	0.001	0.0	0.0	0.001	0.0	0.001	0.001	0.001	0.001	0.0	0.001	0.0	0.001
Promethearchaeota	0.0	0.001	0.0	0.0	0.0	0.0	0.0	0.001	0.0	0.0	0.0	0.0	0.0	0.0	0.0	0.0	0.0	0.0	0.0	0.0	0.0	0.0	0.0	0.0	0.0	0.0	0.0	0.0	0.0	0.0	0.0	0.0	0.001	0.001	0.001	0.001	0.001	0.002	0.001	0.001	0.0	0.0	0.001	0.0	0.0	0.0	0.0	0.0
Cressdnaviricota	0.002	0.001	0.0	0.0	0.0	0.001	0.0	0.003	0.0	0.0	0.0	0.0	0.0	0.0	0.0	0.0	0.0	0.0	0.0	0.0	0.0	0.0	0.0	0.0	0.0	0.0	0.0	0.0	0.0	0.0	0.0	0.001	0.0	0.0	0.0	0.0	0.0	0.004	0.0	0.0	0.0	0.0	0.0	0.0	0.0	0.0	0.0	0.0
Negarnaviricota	0.0	0.0	0.0	0.0	0.0	0.0	0.0	0.001	0.0	0.0	0.0	0.0	0.0	0.0	0.0	0.0	0.0	0.0	0.0	0.0	0.0	0.0	0.0	0.0	0.0	0.0	0.0	0.0	0.0	0.0	0.0	0.0	0.002	0.001	0.001	0.001	0.0	0.0	0.002	0.001	0.0	0.0	0.001	0.0	0.0	0.0	0.0	0.0
Cercozoa	0.0	0.0	0.001	0.001	0.001	0.001	0.0	0.001	0.0	0.0	0.0	0.0	0.0	0.0	0.001	0.0	0.0	0.0	0.0	0.0	0.0	0.0	0.0	0.001	0.0	0.0	0.0	0.0	0.0	0.0	0.001	0.001	0.0	0.0	0.0	0.0	0.0	0.0	0.0	0.0	0.0	0.0	0.0	0.0	0.0	0.0	0.0	0.0
Candidatus Omnitrophota	0.0	0.0	0.0	0.0	0.0	0.0	0.001	0.0	0.0	0.0	0.0	0.0	0.0	0.0	0.0	0.0	0.0	0.0	0.0	0.0	0.0	0.0	0.0	0.0	0.0	0.0	0.0	0.0	0.0	0.0	0.0	0.0	0.0	0.0	0.0	0.001	0.0	0.0	0.0	0.0	0.001	0.001	0.001	0.001	0.0	0.0	0.001	0.001
Candidatus Fervidibacterota	0.0	0.0	0.001	0.0	0.0	0.0	0.0	0.0	0.0	0.0	0.0	0.001	0.0	0.0	0.0	0.0	0.0	0.0	0.0	0.0	0.0	0.0	0.0	0.0	0.0	0.0	0.0	0.0	0.0	0.0	0.0	0.0	0.0	0.0	0.001	0.0	0.0	0.001	0.0	0.0	0.001	0.0	0.0	0.001	0.0	0.0	0.0	0.001
Pisuviricota	0.0	0.0	0.0	0.0	0.0	0.0	0.0	0.0	0.0	0.0	0.0	0.0	0.0	0.0	0.0	0.0	0.0	0.0	0.0	0.0	0.0	0.0	0.0	0.0	0.0	0.0	0.0	0.0	0.0	0.0	0.0	0.0	0.001	0.001	0.001	0.0	0.0	0.0	0.001	0.0	0.0	0.0	0.001	0.0	0.0	0.0	0.0	0.0
Fidelibacterota	0.0	0.0	0.0	0.0	0.0	0.0	0.0	0.0	0.0	0.0	0.0	0.0	0.0	0.0	0.0	0.0	0.0	0.0	0.0	0.0	0.0	0.0	0.0	0.0	0.0	0.0	0.0	0.0	0.0	0.0	0.0	0.0	0.0	0.0	0.0	0.0	0.0	0.001	0.0	0.0	0.001	0.0	0.0	0.0	0.0	0.0	0.0	0.0
Cossaviricota	0.0	0.0	0.0	0.0	0.0	0.002	0.0	0.0	0.0	0.0	0.0	0.0	0.0	0.0	0.0	0.0	0.0	0.0	0.0	0.0	0.0	0.0	0.0	0.0	0.0	0.0	0.0	0.0	0.0	0.0	0.0	0.0	0.0	0.0	0.0	0.0	0.0	0.0	0.0	0.0	0.0	0.0	0.0	0.0	0.0	0.0	0.0	0.0
Lentisphaerota	0.0	0.0	0.0	0.0	0.0	0.0	0.001	0.0	0.0	0.0	0.0	0.0	0.0	0.0	0.0	0.0	0.0	0.0	0.0	0.0	0.0	0.0	0.0	0.0	0.0	0.0	0.0	0.0	0.0	0.0	0.0	0.0	0.0	0.0	0.0	0.0	0.0	0.0	0.0	0.0	0.0	0.0	0.0	0.001	0.0	0.0	0.0	0.0
Dictyoglomota	0.0	0.0	0.0	0.0	0.0	0.0	0.0	0.001	0.0	0.0	0.0	0.0	0.0	0.0	0.0	0.0	0.0	0.0	0.0	0.0	0.0	0.0	0.0	0.0	0.0	0.0	0.0	0.0	0.0	0.0	0.0	0.0	0.0	0.0	0.0	0.0	0.0	0.0	0.0	0.0	0.0	0.0	0.0	0.0	0.0	0.0	0.0	0.0
Minisyncoccota	0.0	0.0	0.001	0.0	0.0	0.0	0.0	0.0	0.0	0.0	0.0	0.0	0.0	0.0	0.0	0.0	0.0	0.0	0.0	0.0	0.0	0.0	0.0	0.0	0.0	0.0	0.0	0.0	0.0	0.0	0.0	0.0	0.0	0.0	0.0	0.0	0.0	0.0	0.0	0.0	0.0	0.0	0.0	0.0	0.0	0.0	0.0	0.0
Thermodesulfobiota	0.0	0.0	0.0	0.0	0.0	0.0	0.0	0.0	0.0	0.0	0.0	0.0	0.0	0.0	0.0	0.0	0.0	0.0	0.0	0.0	0.0	0.0	0.0	0.0	0.0	0.0	0.0	0.0	0.0	0.0	0.0	0.0	0.0	0.0	0.0	0.0	0.0	0.0	0.0	0.0	0.0	0.0	0.0	0.0	0.0	0.0	0.0	0.0
Candidatus Absconditibacteriota	0.0	0.0	0.0	0.0	0.0	0.0	0.0	0.0	0.0	0.0	0.0	0.0	0.0	0.0	0.0	0.0	0.0	0.0	0.0	0.0	0.0	0.0	0.0	0.0	0.0	0.0	0.0	0.0	0.0	0.0	0.0	0.0	0.0	0.0	0.0	0.0	0.0	0.0	0.0	0.0	0.0	0.0	0.0	0.0	0.0	0.0	0.0	0.0
Kitrinoviricota	0.0	0.0	0.0	0.0	0.0	0.0	0.0	0.0	0.0	0.0	0.0	0.0	0.0	0.0	0.0	0.0	0.0	0.0	0.0	0.0	0.0	0.0	0.0	0.0	0.0	0.0	0.0	0.0	0.0	0.0	0.0	0.0	0.0	0.0	0.0	0.0	0.0	0.0	0.0	0.0	0.0	0.0	0.0	0.0	0.0	0.0	0.0	0.0
Caldisericota	0.0	0.0	0.0	0.0	0.0	0.0	0.0	0.0	0.0	0.0	0.0	0.0	0.0	0.0	0.0	0.0	0.0	0.0	0.0	0.0	0.0	0.0	0.0	0.0	0.0	0.0	0.0	0.0	0.0	0.0	0.0	0.0	0.0	0.0	0.0	0.0	0.0	0.0	0.0	0.0	0.0	0.0	0.0	0.0	0.0	0.0	0.0	0.0
Heterolobosea	0.0	0.0	0.0	0.0	0.0	0.0	0.0	0.0	0.0	0.0	0.0	0.0	0.0	0.0	0.0	0.0	0.0	0.0	0.0	0.0	0.0	0.0	0.0	0.0	0.0	0.0	0.0	0.0	0.0	0.0	0.0	0.0	0.0	0.0	0.0	0.0	0.0	0.0	0.0	0.0	0.0	0.0	0.0	0.0	0.0	0.0	0.0	0.0
Duplornaviricota	0.0	0.0	0.0	0.0	0.0	0.0	0.0	0.0	0.0	0.0	0.0	0.0	0.0	0.0	0.0	0.0	0.0	0.0	0.0	0.0	0.0	0.0	0.0	0.0	0.0	0.0	0.0	0.0	0.0	0.0	0.0	0.0	0.0	0.0	0.0	0.0	0.0	0.0	0.0	0.0	0.0	0.0	0.0	0.0	0.0	0.0	0.0	0.0
Ciliophora	0.0	0.0	0.0	0.0	0.0	0.0	0.0	0.0	0.0	0.0	0.0	0.0	0.0	0.0	0.0	0.0	0.0	0.0	0.0	0.0	0.0	0.0	0.0	0.0	0.0	0.0	0.0	0.0	0.0	0.0	0.0	0.0	0.0	0.0	0.0	0.0	0.0	0.0	0.0	0.0	0.0	0.0	0.0	0.0	0.0	0.0	0.0	0.0
Candidatus Cloacimonadota	0.0	0.0	0.0	0.0	0.0	0.0	0.0	0.0	0.0	0.0	0.0	0.0	0.0	0.0	0.0	0.0	0.0	0.0	0.0	0.0	0.0	0.0	0.0	0.0	0.0	0.0	0.0	0.0	0.0	0.0	0.0	0.0	0.0	0.0	0.0	0.0	0.0	0.0	0.0	0.0	0.0	0.0	0.0	0.0	0.0	0.0	0.0	0.0
Candidatus Nanohalarchaeota	0.0	0.0	0.0	0.0	0.0	0.0	0.0	0.0	0.0	0.0	0.0	0.0	0.0	0.0	0.0	0.0	0.0	0.0	0.0	0.0	0.0	0.0	0.0	0.0	0.0	0.0	0.0	0.0	0.0	0.0	0.0	0.0	0.0	0.0	0.0	0.0	0.0	0.0	0.0	0.0	0.0	0.0	0.0	0.0	0.0	0.0	0.0	0.0
Lenarviricota	0.0	0.0	0.0	0.0	0.0	0.0	0.0	0.0	0.0	0.0	0.0	0.0	0.0	0.0	0.0	0.0	0.0	0.0	0.0	0.0	0.0	0.0	0.0	0.0	0.0	0.0	0.0	0.0	0.0	0.0	0.0	0.0	0.0	0.0	0.0	0.0	0.0	0.0	0.0	0.0	0.0	0.0	0.0	0.0	0.0	0.0	0.0	0.0
Dividoviricota	0.0	0.0	0.0	0.0	0.0	0.0	0.0	0.0	0.0	0.0	0.0	0.0	0.0	0.0	0.0	0.0	0.0	0.0	0.0	0.0	0.0	0.0	0.0	0.0	0.0	0.0	0.0	0.0	0.0	0.0	0.0	0.0	0.0	0.0	0.0	0.0	0.0	0.0	0.0	0.0	0.0	0.0	0.0	0.0	0.0	0.0	0.0	0.0
Nanobdellota	0.0	0.0	0.0	0.0	0.0	0.0	0.0	0.0	0.0	0.0	0.0	0.0	0.0	0.0	0.0	0.0	0.0	0.0	0.0	0.0	0.0	0.0	0.0	0.0	0.0	0.0	0.0	0.0	0.0	0.0	0.0	0.0	0.0	0.0	0.0	0.0	0.0	0.0	0.0	0.0	0.0	0.0	0.0	0.0	0.0	0.0	0.0	0.0
Thermosulfidibacterota	0.0	0.0	0.0	0.0	0.0	0.0	0.0	0.0	0.0	0.0	0.0	0.0	0.0	0.0	0.0	0.0	0.0	0.0	0.0	0.0	0.0	0.0	0.0	0.0	0.0	0.0	0.0	0.0	0.0	0.0	0.0	0.0	0.0	0.0	0.0	0.0	0.0	0.0	0.0	0.0	0.0	0.0	0.0	0.0	0.0	0.0	0.0	0.0
Coprothermobacterota	0.0	0.0	0.0	0.0	0.0	0.0	0.0	0.0	0.0	0.0	0.0	0.0	0.0	0.0	0.0	0.0	0.0	0.0	0.0	0.0	0.0	0.0	0.0	0.0	0.0	0.0	0.0	0.0	0.0	0.0	0.0	0.0	0.0	0.0	0.0	0.0	0.0	0.0	0.0	0.0	0.0	0.0	0.0	0.0	0.0	0.0	0.0	0.0
Microcaldota	0.0	0.0	0.0	0.0	0.0	0.0	0.0	0.0	0.0	0.0	0.0	0.0	0.0	0.0	0.0	0.0	0.0	0.0	0.0	0.0	0.0	0.0	0.0	0.0	0.0	0.0	0.0	0.0	0.0	0.0	0.0	0.0	0.0	0.0	0.0	0.0	0.0	0.0	0.0	0.0	0.0	0.0	0.0	0.0	0.0	0.0	0.0	0.0
